table,item,quantity,published,rederived,abs_diff,rel_diff,source,status,note
m02_intraday_2019_2022_loghar_metrics.csv,RW-RV,n,784.0,784.0,0.0,0.0,m02_intraday_2019_2022_loghar.parquet,OK,
m02_intraday_2019_2022_loghar_metrics.csv,RW-RV,mse,5.2838285975715815e-08,5.283828597571581e-08,6.617444900424222e-24,1.2523958296954529e-16,m02_intraday_2019_2022_loghar.parquet,OK,
m02_intraday_2019_2022_loghar_metrics.csv,RW-RV,rmse,0.0002298657999262,0.0002298657999262087,8.700722434196173e-18,3.7851313405428734e-14,m02_intraday_2019_2022_loghar.parquet,OK,
m02_intraday_2019_2022_loghar_metrics.csv,RW-RV,mae,6.578935497975982e-05,6.578935497975982e-05,0.0,0.0,m02_intraday_2019_2022_loghar.parquet,OK,
m02_intraday_2019_2022_loghar_metrics.csv,RW-RV,qlike,0.3584319726638106,0.3584319726638106,0.0,0.0,m02_intraday_2019_2022_loghar.parquet,OK,
m02_intraday_2019_2022_loghar_metrics.csv,HAR-RV,n,784.0,784.0,0.0,0.0,m02_intraday_2019_2022_loghar.parquet,OK,
m02_intraday_2019_2022_loghar_metrics.csv,HAR-RV,mse,3.825518005313587e-05,3.825518005313587e-05,0.0,0.0,m02_intraday_2019_2022_loghar.parquet,OK,
m02_intraday_2019_2022_loghar_metrics.csv,HAR-RV,rmse,0.0061850772067239,0.0061850772067239285,2.862293735361732e-17,4.62774131946176e-15,m02_intraday_2019_2022_loghar.parquet,OK,
m02_intraday_2019_2022_loghar_metrics.csv,HAR-RV,mae,0.0006760527515945,0.0006760527515945742,7.426784881525705e-17,1.0985510914657634e-13,m02_intraday_2019_2022_loghar.parquet,OK,
m02_intraday_2019_2022_loghar_metrics.csv,HAR-RV,qlike,0.4886350485065897,0.48863504850658973,5.551115123125783e-17,1.1360452223170645e-16,m02_intraday_2019_2022_loghar.parquet,OK,
m02_intraday_2019_2022_metrics.csv,HAR-RV,n,784.0,784.0,0.0,0.0,m02_intraday_2019_2022.parquet,OK,
m02_intraday_2019_2022_metrics.csv,HAR-RV,mse,4.176329944537388e-08,4.1763299445373875e-08,6.617444900424222e-24,1.5845119969699221e-16,m02_intraday_2019_2022.parquet,OK,
m02_intraday_2019_2022_metrics.csv,HAR-RV,rmse,0.0002043607091526,0.0002043607091526497,4.968356455414824e-17,2.431170099192041e-13,m02_intraday_2019_2022.parquet,OK,
m02_intraday_2019_2022_metrics.csv,HAR-RV,mae,6.046388729685261e-05,6.046388729685261e-05,0.0,0.0,m02_intraday_2019_2022.parquet,OK,
m02_intraday_2019_2022_metrics.csv,HAR-RV,qlike,0.2744895722052716,0.2744895722052716,0.0,0.0,m02_intraday_2019_2022.parquet,OK,
m02_intraday_2019_2022_metrics.csv,GARCH,n,784.0,784.0,0.0,0.0,m02_intraday_2019_2022.parquet,OK,
m02_intraday_2019_2022_metrics.csv,GARCH,mse,5.6251003065953535e-08,5.6251003065953535e-08,0.0,0.0,m02_intraday_2019_2022.parquet,OK,
m02_intraday_2019_2022_metrics.csv,GARCH,rmse,0.0002371729391519,0.00023717293915190564,5.637851296924623e-18,2.3771056331657633e-14,m02_intraday_2019_2022.parquet,OK,
m02_intraday_2019_2022_metrics.csv,GARCH,mae,7.171748128341523e-05,7.171748128341523e-05,0.0,0.0,m02_intraday_2019_2022.parquet,OK,
m02_intraday_2019_2022_metrics.csv,GARCH,qlike,0.3301714255327858,0.33017142553278583,5.551115123125783e-17,1.6812827197775056e-16,m02_intraday_2019_2022.parquet,OK,
m02_intraday_2019_2022_metrics.csv,EGARCH,n,784.0,784.0,0.0,0.0,m02_intraday_2019_2022.parquet,OK,
m02_intraday_2019_2022_metrics.csv,EGARCH,mse,5.665607030845293e-08,5.665607030845292e-08,6.617444900424222e-24,1.1680028043591504e-16,m02_intraday_2019_2022.parquet,OK,
m02_intraday_2019_2022_metrics.csv,EGARCH,rmse,0.0002380253564401,0.00023802535644013416,3.415236843329339e-17,1.4348205982789049e-13,m02_intraday_2019_2022.parquet,OK,
m02_intraday_2019_2022_metrics.csv,EGARCH,mae,6.901579848824777e-05,6.901579848824777e-05,0.0,0.0,m02_intraday_2019_2022.parquet,OK,
m02_intraday_2019_2022_metrics.csv,EGARCH,qlike,0.3327506405309858,0.33275064053098585,5.551115123125783e-17,1.6682507700864553e-16,m02_intraday_2019_2022.parquet,OK,
m02_intraday_2019_2022_metrics.csv,RW-RV,n,784.0,784.0,0.0,0.0,m02_intraday_2019_2022.parquet,OK,
m02_intraday_2019_2022_metrics.csv,RW-RV,mse,5.2838285975715815e-08,5.283828597571581e-08,6.617444900424222e-24,1.2523958296954529e-16,m02_intraday_2019_2022.parquet,OK,
m02_intraday_2019_2022_metrics.csv,RW-RV,rmse,0.0002298657999262,0.0002298657999262087,8.700722434196173e-18,3.7851313405428734e-14,m02_intraday_2019_2022.parquet,OK,
m02_intraday_2019_2022_metrics.csv,RW-RV,mae,6.578935497975982e-05,6.578935497975982e-05,0.0,0.0,m02_intraday_2019_2022.parquet,OK,
m02_intraday_2019_2022_metrics.csv,RW-RV,qlike,0.3584319726638106,0.3584319726638106,0.0,0.0,m02_intraday_2019_2022.parquet,OK,
m02_rq4_ftse_metrics.csv,EGARCH,n,795.0,795.0,0.0,0.0,m02_rq4_ftse.parquet,OK,
m02_rq4_ftse_metrics.csv,EGARCH,mse,7.111718545430743e-08,7.111718545430742e-08,1.3234889800848443e-23,1.8609974110057856e-16,m02_rq4_ftse.parquet,OK,
m02_rq4_ftse_metrics.csv,EGARCH,rmse,0.0002666780558169,0.00026667805581694835,4.83554168928535e-17,1.8132506907900258e-13,m02_rq4_ftse.parquet,OK,
m02_rq4_ftse_metrics.csv,EGARCH,mae,7.719281760522071e-05,7.719281760522071e-05,0.0,0.0,m02_rq4_ftse.parquet,OK,
m02_rq4_ftse_metrics.csv,EGARCH,qlike,0.2959740529927931,0.29597405299279317,5.551115123125783e-17,1.8755411384865384e-16,m02_rq4_ftse.parquet,OK,
m02_rq4_ftse_metrics.csv,HAR-RV,n,795.0,795.0,0.0,0.0,m02_rq4_ftse.parquet,OK,
m02_rq4_ftse_metrics.csv,HAR-RV,mse,7.465884202276829e-08,7.465884202276828e-08,1.3234889800848443e-23,1.7727156546055554e-16,m02_rq4_ftse.parquet,OK,
m02_rq4_ftse_metrics.csv,HAR-RV,rmse,0.0002732377024181,0.00027323770241818434,8.435092901937224e-17,3.0870896758713417e-13,m02_rq4_ftse.parquet,OK,
m02_rq4_ftse_metrics.csv,HAR-RV,mae,7.832015039281643e-05,7.832015039281643e-05,0.0,0.0,m02_rq4_ftse.parquet,OK,
m02_rq4_ftse_metrics.csv,HAR-RV,qlike,0.299732905473131,0.29973290547313103,5.551115123125783e-17,1.8520205895856844e-16,m02_rq4_ftse.parquet,OK,
m02_rq4_ftse_metrics.csv,GARCH,n,795.0,795.0,0.0,0.0,m02_rq4_ftse.parquet,OK,
m02_rq4_ftse_metrics.csv,GARCH,mse,8.158773449917522e-08,8.158773449917522e-08,0.0,0.0,m02_rq4_ftse.parquet,OK,
m02_rq4_ftse_metrics.csv,GARCH,rmse,0.0002856356674142,0.00028563566741423457,3.458604930228759e-17,1.2108449065688424e-13,m02_rq4_ftse.parquet,OK,
m02_rq4_ftse_metrics.csv,GARCH,mae,9.08268591972642e-05,9.082685919726421e-05,1.3552527156068805e-20,1.4921276895234776e-16,m02_rq4_ftse.parquet,OK,
m02_rq4_ftse_metrics.csv,GARCH,qlike,0.3344244722219696,0.3344244722219696,0.0,0.0,m02_rq4_ftse.parquet,OK,
m02_rq4_ftse_metrics.csv,RW-RV,n,795.0,795.0,0.0,0.0,m02_rq4_ftse.parquet,OK,
m02_rq4_ftse_metrics.csv,RW-RV,mse,1.1662893241059781e-07,1.1662893241059779e-07,2.6469779601696886e-23,2.269572314055722e-16,m02_rq4_ftse.parquet,OK,
m02_rq4_ftse_metrics.csv,RW-RV,rmse,0.0003415097837699,0.0003415097837699497,4.971066960846038e-17,1.4556148014182245e-13,m02_rq4_ftse.parquet,OK,
m02_rq4_ftse_metrics.csv,RW-RV,mae,8.89061522409282e-05,8.89061522409282e-05,0.0,0.0,m02_rq4_ftse.parquet,OK,
m02_rq4_ftse_metrics.csv,RW-RV,qlike,0.5561843947564739,0.5561843947564739,0.0,0.0,m02_rq4_ftse.parquet,OK,
m02_rq4_rut_metrics.csv,HAR-RV,n,788.0,788.0,0.0,0.0,m02_rq4_rut.parquet,OK,
m02_rq4_rut_metrics.csv,HAR-RV,mse,2.8033841614909018e-08,2.8033841614909018e-08,0.0,0.0,m02_rq4_rut.parquet,OK,
m02_rq4_rut_metrics.csv,HAR-RV,rmse,0.0001674330959365,0.00016743309593658304,8.304988641238964e-17,4.960183406265557e-13,m02_rq4_rut.parquet,OK,
m02_rq4_rut_metrics.csv,HAR-RV,mae,6.716354053673203e-05,6.716354053673203e-05,0.0,0.0,m02_rq4_rut.parquet,OK,
m02_rq4_rut_metrics.csv,HAR-RV,qlike,0.2260330045577247,0.22603300455772476,5.551115123125783e-17,2.4558869772082904e-16,m02_rq4_rut.parquet,OK,
m02_rq4_rut_metrics.csv,RW-RV,n,788.0,788.0,0.0,0.0,m02_rq4_rut.parquet,OK,
m02_rq4_rut_metrics.csv,RW-RV,mse,2.8749838082455025e-08,2.8749838082455022e-08,3.308722450212111e-24,1.150866464264125e-16,m02_rq4_rut.parquet,OK,
m02_rq4_rut_metrics.csv,RW-RV,rmse,0.0001695577721086,0.0001695577721086681,6.808789643208968e-17,4.015616363989501e-13,m02_rq4_rut.parquet,OK,
m02_rq4_rut_metrics.csv,RW-RV,mae,6.964217216672461e-05,6.964217216672461e-05,0.0,0.0,m02_rq4_rut.parquet,OK,
m02_rq4_rut_metrics.csv,RW-RV,qlike,0.2859859957362961,0.28598599573629613,5.551115123125783e-17,1.9410443888463662e-16,m02_rq4_rut.parquet,OK,
m02_rq4_rut_metrics.csv,EGARCH,n,788.0,788.0,0.0,0.0,m02_rq4_rut.parquet,OK,
m02_rq4_rut_metrics.csv,EGARCH,mse,4.0912022558967765e-08,4.091202255896776e-08,6.617444900424222e-24,1.6174817294564924e-16,m02_rq4_rut.parquet,OK,
m02_rq4_rut_metrics.csv,EGARCH,rmse,0.0002022672058415,0.00020226720584159895,9.896055329361442e-17,4.892565400402158e-13,m02_rq4_rut.parquet,OK,
m02_rq4_rut_metrics.csv,EGARCH,mae,0.0001262677083625,0.0001262677083625222,2.2199039481640703e-17,1.7580931632900017e-13,m02_rq4_rut.parquet,OK,
m02_rq4_rut_metrics.csv,EGARCH,qlike,0.4436889783041359,0.4436889783041359,0.0,0.0,m02_rq4_rut.parquet,OK,
m02_rq4_rut_metrics.csv,GARCH,n,788.0,788.0,0.0,0.0,m02_rq4_rut.parquet,OK,
m02_rq4_rut_metrics.csv,GARCH,mse,7.106068964083396e-08,7.106068964083395e-08,1.3234889800848443e-23,1.862476971127397e-16,m02_rq4_rut.parquet,OK,
m02_rq4_rut_metrics.csv,GARCH,rmse,0.0002665721096454,0.00026657210964546526,6.526897078362737e-17,2.448454599036995e-13,m02_rq4_rut.parquet,OK,
m02_rq4_rut_metrics.csv,GARCH,mae,0.0001469959474387,0.0001469959474387984,9.839134715305953e-17,6.693473450626284e-13,m02_rq4_rut.parquet,OK,
m02_rq4_rut_metrics.csv,GARCH,qlike,0.4810036323403373,0.4810036323403373,0.0,0.0,m02_rq4_rut.parquet,OK,
m02_yang_zhang_diagnostic_metrics.csv,HAR-RV,n,795.0,795.0,0.0,0.0,m02_yang_zhang_diagnostic.parquet,OK,
m02_yang_zhang_diagnostic_metrics.csv,HAR-RV,mse,4.083842655968248e-10,4.083842655968248e-10,0.0,0.0,m02_yang_zhang_diagnostic.parquet,OK,
m02_yang_zhang_diagnostic_metrics.csv,HAR-RV,rmse,2.0208519629028368e-05,2.0208519629028368e-05,0.0,0.0,m02_yang_zhang_diagnostic.parquet,OK,
m02_yang_zhang_diagnostic_metrics.csv,HAR-RV,mae,6.764995169620967e-06,6.764995169620967e-06,0.0,0.0,m02_yang_zhang_diagnostic.parquet,OK,
m02_yang_zhang_diagnostic_metrics.csv,HAR-RV,qlike,0.0038093404510718,0.003809340451071814,1.3877787807814457e-17,3.6430946475025056e-15,m02_yang_zhang_diagnostic.parquet,OK,
m02_yang_zhang_diagnostic_metrics.csv,RW-RV,n,795.0,795.0,0.0,0.0,m02_yang_zhang_diagnostic.parquet,OK,
m02_yang_zhang_diagnostic_metrics.csv,RW-RV,mse,7.785915169733045e-10,7.785915169733046e-10,1.0339757656912846e-25,1.328008003106379e-16,m02_yang_zhang_diagnostic.parquet,OK,
m02_yang_zhang_diagnostic_metrics.csv,RW-RV,rmse,2.790325280273439e-05,2.790325280273439e-05,0.0,0.0,m02_yang_zhang_diagnostic.parquet,OK,
m02_yang_zhang_diagnostic_metrics.csv,RW-RV,mae,8.660899470378042e-06,8.660899470378042e-06,0.0,0.0,m02_yang_zhang_diagnostic.parquet,OK,
m02_yang_zhang_diagnostic_metrics.csv,RW-RV,qlike,0.0047177152955638,0.004717715295563852,5.204170427930421e-17,1.1031124393674304e-14,m02_yang_zhang_diagnostic.parquet,OK,
m02_yang_zhang_diagnostic_metrics.csv,GARCH,n,795.0,795.0,0.0,0.0,m02_yang_zhang_diagnostic.parquet,OK,
m02_yang_zhang_diagnostic_metrics.csv,GARCH,mse,2.362465299148044e-08,2.3624652991480437e-08,3.308722450212111e-24,1.40053801061345e-16,m02_yang_zhang_diagnostic.parquet,OK,
m02_yang_zhang_diagnostic_metrics.csv,GARCH,rmse,0.0001537031326664,0.00015370313266645035,5.036119091195168e-17,3.2765233888405195e-13,m02_yang_zhang_diagnostic.parquet,OK,
m02_yang_zhang_diagnostic_metrics.csv,GARCH,mae,5.045385424914634e-05,5.045385424914634e-05,0.0,0.0,m02_yang_zhang_diagnostic.parquet,OK,
m02_yang_zhang_diagnostic_metrics.csv,GARCH,qlike,0.0942217674791807,0.09422176747918071,1.3877787807814457e-17,1.4728855315605177e-16,m02_yang_zhang_diagnostic.parquet,OK,
m02_yang_zhang_diagnostic_metrics.csv,EGARCH,n,795.0,795.0,0.0,0.0,m02_yang_zhang_diagnostic.parquet,OK,
m02_yang_zhang_diagnostic_metrics.csv,EGARCH,mse,3.9023526261818586e-08,3.902352626181858e-08,6.617444900424222e-24,1.6957577990328527e-16,m02_yang_zhang_diagnostic.parquet,OK,
m02_yang_zhang_diagnostic_metrics.csv,EGARCH,rmse,0.0001975437325298,0.00019754373252983397,3.3962633053108426e-17,1.7192462964111034e-13,m02_yang_zhang_diagnostic.parquet,OK,
m02_yang_zhang_diagnostic_metrics.csv,EGARCH,mae,6.008703771910695e-05,6.008703771910695e-05,0.0,0.0,m02_yang_zhang_diagnostic.parquet,OK,
m02_yang_zhang_diagnostic_metrics.csv,EGARCH,qlike,0.130846320521675,0.13084632052167508,8.326672684688674e-17,6.363704116012449e-16,m02_yang_zhang_diagnostic.parquet,OK,
m03_lstm_intraday_2019_2022_metrics.csv,LSTM-VIX,n,784.0,784.0,0.0,0.0,m03_lstm_intraday_2019_2022.parquet,OK,
m03_lstm_intraday_2019_2022_metrics.csv,LSTM-VIX,mse,3.6280993569530144e-08,3.6280993569530144e-08,0.0,0.0,m03_lstm_intraday_2019_2022.parquet,OK,
m03_lstm_intraday_2019_2022_metrics.csv,LSTM-VIX,rmse,0.0001904757033574,0.00019047570335748899,8.898589330674778e-17,4.671771346069198e-13,m03_lstm_intraday_2019_2022.parquet,OK,
m03_lstm_intraday_2019_2022_metrics.csv,LSTM-VIX,mae,5.444990953133391e-05,5.444990953133391e-05,0.0,0.0,m03_lstm_intraday_2019_2022.parquet,OK,
m03_lstm_intraday_2019_2022_metrics.csv,LSTM-VIX,qlike,0.2301474474867539,0.23014744748675395,5.551115123125783e-17,2.4119820505266636e-16,m03_lstm_intraday_2019_2022.parquet,OK,
m03_lstm_intraday_2019_2022_metrics.csv,LSTM-RVonly,n,784.0,784.0,0.0,0.0,m03_lstm_intraday_2019_2022.parquet,OK,
m03_lstm_intraday_2019_2022_metrics.csv,LSTM-RVonly,mse,4.0209644791512055e-08,4.020964479151205e-08,6.617444900424222e-24,1.6457357270216703e-16,m03_lstm_intraday_2019_2022.parquet,OK,
m03_lstm_intraday_2019_2022_metrics.csv,LSTM-RVonly,rmse,0.0002005234270391,0.00020052342703911694,1.6940658945086007e-17,8.448219340368023e-14,m03_lstm_intraday_2019_2022.parquet,OK,
m03_lstm_intraday_2019_2022_metrics.csv,LSTM-RVonly,mae,6.057960506644357e-05,6.0579605066443574e-05,6.776263578034403e-21,1.1185717652999245e-16,m03_lstm_intraday_2019_2022.parquet,OK,
m03_lstm_intraday_2019_2022_metrics.csv,LSTM-RVonly,qlike,0.2596404463150226,0.25964044631502264,5.551115123125783e-17,2.1380009170029684e-16,m03_lstm_intraday_2019_2022.parquet,OK,
m03_lstm_intraday_2019_2022_metrics.csv,LSTM,n,784.0,784.0,0.0,0.0,m03_lstm_intraday_2019_2022.parquet,OK,
m03_lstm_intraday_2019_2022_metrics.csv,LSTM,mse,4.4849348142240164e-08,4.484934814224016e-08,6.617444900424222e-24,1.4754829611875133e-16,m03_lstm_intraday_2019_2022.parquet,OK,
m03_lstm_intraday_2019_2022_metrics.csv,LSTM,rmse,0.0002117766468292,0.00021177664682924828,4.8274101729917085e-17,2.2794818244926993e-13,m03_lstm_intraday_2019_2022.parquet,OK,
m03_lstm_intraday_2019_2022_metrics.csv,LSTM,mae,5.862772884378922e-05,5.862772884378922e-05,0.0,0.0,m03_lstm_intraday_2019_2022.parquet,OK,
m03_lstm_intraday_2019_2022_metrics.csv,LSTM,qlike,0.2650186360787922,0.2650186360787922,0.0,0.0,m03_lstm_intraday_2019_2022.parquet,OK,
m03_lstm_intraday_2019_2022_metrics.csv,HAR-RV,n,784.0,784.0,0.0,0.0,m03_lstm_intraday_2019_2022.parquet,OK,
m03_lstm_intraday_2019_2022_metrics.csv,HAR-RV,mse,4.176329944537388e-08,4.1763299445373875e-08,6.617444900424222e-24,1.5845119969699221e-16,m03_lstm_intraday_2019_2022.parquet,OK,
m03_lstm_intraday_2019_2022_metrics.csv,HAR-RV,rmse,0.0002043607091526,0.0002043607091526497,4.968356455414824e-17,2.431170099192041e-13,m03_lstm_intraday_2019_2022.parquet,OK,
m03_lstm_intraday_2019_2022_metrics.csv,HAR-RV,mae,6.046388729685261e-05,6.046388729685261e-05,0.0,0.0,m03_lstm_intraday_2019_2022.parquet,OK,
m03_lstm_intraday_2019_2022_metrics.csv,HAR-RV,qlike,0.2744895722052716,0.2744895722052716,0.0,0.0,m03_lstm_intraday_2019_2022.parquet,OK,
m03_lstm_intraday_2019_2022_metrics.csv,GARCH,n,784.0,784.0,0.0,0.0,m03_lstm_intraday_2019_2022.parquet,OK,
m03_lstm_intraday_2019_2022_metrics.csv,GARCH,mse,5.6251003065953535e-08,5.6251003065953535e-08,0.0,0.0,m03_lstm_intraday_2019_2022.parquet,OK,
m03_lstm_intraday_2019_2022_metrics.csv,GARCH,rmse,0.0002371729391519,0.00023717293915190564,5.637851296924623e-18,2.3771056331657633e-14,m03_lstm_intraday_2019_2022.parquet,OK,
m03_lstm_intraday_2019_2022_metrics.csv,GARCH,mae,7.171748128341523e-05,7.171748128341523e-05,0.0,0.0,m03_lstm_intraday_2019_2022.parquet,OK,
m03_lstm_intraday_2019_2022_metrics.csv,GARCH,qlike,0.3301714255327858,0.33017142553278583,5.551115123125783e-17,1.6812827197775056e-16,m03_lstm_intraday_2019_2022.parquet,OK,
m03_lstm_intraday_2019_2022_metrics.csv,EGARCH,n,784.0,784.0,0.0,0.0,m03_lstm_intraday_2019_2022.parquet,OK,
m03_lstm_intraday_2019_2022_metrics.csv,EGARCH,mse,5.665607030845293e-08,5.665607030845292e-08,6.617444900424222e-24,1.1680028043591504e-16,m03_lstm_intraday_2019_2022.parquet,OK,
m03_lstm_intraday_2019_2022_metrics.csv,EGARCH,rmse,0.0002380253564401,0.00023802535644013416,3.415236843329339e-17,1.4348205982789049e-13,m03_lstm_intraday_2019_2022.parquet,OK,
m03_lstm_intraday_2019_2022_metrics.csv,EGARCH,mae,6.901579848824777e-05,6.901579848824777e-05,0.0,0.0,m03_lstm_intraday_2019_2022.parquet,OK,
m03_lstm_intraday_2019_2022_metrics.csv,EGARCH,qlike,0.3327506405309858,0.33275064053098585,5.551115123125783e-17,1.6682507700864553e-16,m03_lstm_intraday_2019_2022.parquet,OK,
m03_lstm_intraday_2019_2022_metrics.csv,RW-RV,n,784.0,784.0,0.0,0.0,m03_lstm_intraday_2019_2022.parquet,OK,
m03_lstm_intraday_2019_2022_metrics.csv,RW-RV,mse,5.2838285975715815e-08,5.283828597571581e-08,6.617444900424222e-24,1.2523958296954529e-16,m03_lstm_intraday_2019_2022.parquet,OK,
m03_lstm_intraday_2019_2022_metrics.csv,RW-RV,rmse,0.0002298657999262,0.0002298657999262087,8.700722434196173e-18,3.7851313405428734e-14,m03_lstm_intraday_2019_2022.parquet,OK,
m03_lstm_intraday_2019_2022_metrics.csv,RW-RV,mae,6.578935497975982e-05,6.578935497975982e-05,0.0,0.0,m03_lstm_intraday_2019_2022.parquet,OK,
m03_lstm_intraday_2019_2022_metrics.csv,RW-RV,qlike,0.3584319726638106,0.3584319726638106,0.0,0.0,m03_lstm_intraday_2019_2022.parquet,OK,
m03_lstm_intraday_2019_2022_refit1_metrics.csv,LSTM,n,784.0,784.0,0.0,0.0,m03_lstm_intraday_2019_2022_refit1.parquet,OK,
m03_lstm_intraday_2019_2022_refit1_metrics.csv,LSTM,mse,4.292204603696688e-08,4.292204603696688e-08,0.0,0.0,m03_lstm_intraday_2019_2022_refit1.parquet,OK,
m03_lstm_intraday_2019_2022_refit1_metrics.csv,LSTM,rmse,0.0002071763645712,0.00020717636457126784,6.784395094328044e-17,3.2746955032104837e-13,m03_lstm_intraday_2019_2022_refit1.parquet,OK,
m03_lstm_intraday_2019_2022_refit1_metrics.csv,LSTM,mae,5.567230519051135e-05,5.567230519051135e-05,0.0,0.0,m03_lstm_intraday_2019_2022_refit1.parquet,OK,
m03_lstm_intraday_2019_2022_refit1_metrics.csv,LSTM,qlike,0.2607482817757202,0.26074828177572024,5.551115123125783e-17,2.1289172397693936e-16,m03_lstm_intraday_2019_2022_refit1.parquet,OK,
m03_lstm_intraday_2019_2022_refit1_metrics.csv,HAR-RV,n,784.0,784.0,0.0,0.0,m03_lstm_intraday_2019_2022_refit1.parquet,OK,
m03_lstm_intraday_2019_2022_refit1_metrics.csv,HAR-RV,mse,4.176329944537388e-08,4.1763299445373875e-08,6.617444900424222e-24,1.5845119969699221e-16,m03_lstm_intraday_2019_2022_refit1.parquet,OK,
m03_lstm_intraday_2019_2022_refit1_metrics.csv,HAR-RV,rmse,0.0002043607091526,0.0002043607091526497,4.968356455414824e-17,2.431170099192041e-13,m03_lstm_intraday_2019_2022_refit1.parquet,OK,
m03_lstm_intraday_2019_2022_refit1_metrics.csv,HAR-RV,mae,6.046388729685261e-05,6.046388729685261e-05,0.0,0.0,m03_lstm_intraday_2019_2022_refit1.parquet,OK,
m03_lstm_intraday_2019_2022_refit1_metrics.csv,HAR-RV,qlike,0.2744895722052716,0.2744895722052716,0.0,0.0,m03_lstm_intraday_2019_2022_refit1.parquet,OK,
m03_lstm_intraday_2019_2022_refit1_metrics.csv,GARCH,n,784.0,784.0,0.0,0.0,m03_lstm_intraday_2019_2022_refit1.parquet,OK,
m03_lstm_intraday_2019_2022_refit1_metrics.csv,GARCH,mse,5.6251003065953535e-08,5.6251003065953535e-08,0.0,0.0,m03_lstm_intraday_2019_2022_refit1.parquet,OK,
m03_lstm_intraday_2019_2022_refit1_metrics.csv,GARCH,rmse,0.0002371729391519,0.00023717293915190564,5.637851296924623e-18,2.3771056331657633e-14,m03_lstm_intraday_2019_2022_refit1.parquet,OK,
m03_lstm_intraday_2019_2022_refit1_metrics.csv,GARCH,mae,7.171748128341523e-05,7.171748128341523e-05,0.0,0.0,m03_lstm_intraday_2019_2022_refit1.parquet,OK,
m03_lstm_intraday_2019_2022_refit1_metrics.csv,GARCH,qlike,0.3301714255327858,0.33017142553278583,5.551115123125783e-17,1.6812827197775056e-16,m03_lstm_intraday_2019_2022_refit1.parquet,OK,
m03_lstm_intraday_2019_2022_refit1_metrics.csv,EGARCH,n,784.0,784.0,0.0,0.0,m03_lstm_intraday_2019_2022_refit1.parquet,OK,
m03_lstm_intraday_2019_2022_refit1_metrics.csv,EGARCH,mse,5.665607030845293e-08,5.665607030845292e-08,6.617444900424222e-24,1.1680028043591504e-16,m03_lstm_intraday_2019_2022_refit1.parquet,OK,
m03_lstm_intraday_2019_2022_refit1_metrics.csv,EGARCH,rmse,0.0002380253564401,0.00023802535644013416,3.415236843329339e-17,1.4348205982789049e-13,m03_lstm_intraday_2019_2022_refit1.parquet,OK,
m03_lstm_intraday_2019_2022_refit1_metrics.csv,EGARCH,mae,6.901579848824777e-05,6.901579848824777e-05,0.0,0.0,m03_lstm_intraday_2019_2022_refit1.parquet,OK,
m03_lstm_intraday_2019_2022_refit1_metrics.csv,EGARCH,qlike,0.3327506405309858,0.33275064053098585,5.551115123125783e-17,1.6682507700864553e-16,m03_lstm_intraday_2019_2022_refit1.parquet,OK,
m03_lstm_intraday_2019_2022_refit1_metrics.csv,RW-RV,n,784.0,784.0,0.0,0.0,m03_lstm_intraday_2019_2022_refit1.parquet,OK,
m03_lstm_intraday_2019_2022_refit1_metrics.csv,RW-RV,mse,5.2838285975715815e-08,5.283828597571581e-08,6.617444900424222e-24,1.2523958296954529e-16,m03_lstm_intraday_2019_2022_refit1.parquet,OK,
m03_lstm_intraday_2019_2022_refit1_metrics.csv,RW-RV,rmse,0.0002298657999262,0.0002298657999262087,8.700722434196173e-18,3.7851313405428734e-14,m03_lstm_intraday_2019_2022_refit1.parquet,OK,
m03_lstm_intraday_2019_2022_refit1_metrics.csv,RW-RV,mae,6.578935497975982e-05,6.578935497975982e-05,0.0,0.0,m03_lstm_intraday_2019_2022_refit1.parquet,OK,
m03_lstm_intraday_2019_2022_refit1_metrics.csv,RW-RV,qlike,0.3584319726638106,0.3584319726638106,0.0,0.0,m03_lstm_intraday_2019_2022_refit1.parquet,OK,
m05_regime_dl_intraday_2019_2022_hmm_metrics.csv,Regime-LSTM-B,n,784.0,784.0,0.0,0.0,m05_regime_dl_intraday_2019_2022_hmm.parquet,OK,
m05_regime_dl_intraday_2019_2022_hmm_metrics.csv,Regime-LSTM-B,mse,4.0486658967231496e-08,4.048665896723149e-08,6.617444900424222e-24,1.634475422084137e-16,m05_regime_dl_intraday_2019_2022_hmm.parquet,OK,
m05_regime_dl_intraday_2019_2022_hmm_metrics.csv,Regime-LSTM-B,rmse,0.0002012129691824,0.00020121296918248458,8.456776945386935e-17,4.202898540660591e-13,m05_regime_dl_intraday_2019_2022_hmm.parquet,OK,
m05_regime_dl_intraday_2019_2022_hmm_metrics.csv,Regime-LSTM-B,mae,5.334308669349087e-05,5.334308669349087e-05,0.0,0.0,m05_regime_dl_intraday_2019_2022_hmm.parquet,OK,
m05_regime_dl_intraday_2019_2022_hmm_metrics.csv,Regime-LSTM-B,qlike,0.2583132248991653,0.25831322489916536,5.551115123125783e-17,2.1489860324777045e-16,m05_regime_dl_intraday_2019_2022_hmm.parquet,OK,
m05_regime_dl_intraday_2019_2022_hmm_metrics.csv,LSTM-RVonly,n,784.0,784.0,0.0,0.0,m05_regime_dl_intraday_2019_2022_hmm.parquet,OK,
m05_regime_dl_intraday_2019_2022_hmm_metrics.csv,LSTM-RVonly,mse,4.0209644791512055e-08,4.020964479151205e-08,6.617444900424222e-24,1.6457357270216703e-16,m05_regime_dl_intraday_2019_2022_hmm.parquet,OK,
m05_regime_dl_intraday_2019_2022_hmm_metrics.csv,LSTM-RVonly,rmse,0.0002005234270391,0.00020052342703911694,1.6940658945086007e-17,8.448219340368023e-14,m05_regime_dl_intraday_2019_2022_hmm.parquet,OK,
m05_regime_dl_intraday_2019_2022_hmm_metrics.csv,LSTM-RVonly,mae,6.057960506644357e-05,6.0579605066443574e-05,6.776263578034403e-21,1.1185717652999245e-16,m05_regime_dl_intraday_2019_2022_hmm.parquet,OK,
m05_regime_dl_intraday_2019_2022_hmm_metrics.csv,LSTM-RVonly,qlike,0.2596404463150226,0.25964044631502264,5.551115123125783e-17,2.1380009170029684e-16,m05_regime_dl_intraday_2019_2022_hmm.parquet,OK,
m05_regime_dl_intraday_2019_2022_hmm_metrics.csv,Regime-LSTM-A-RVonly,n,784.0,784.0,0.0,0.0,m05_regime_dl_intraday_2019_2022_hmm.parquet,OK,
m05_regime_dl_intraday_2019_2022_hmm_metrics.csv,Regime-LSTM-A-RVonly,mse,4.2001503956417e-08,4.2001503956417e-08,0.0,0.0,m05_regime_dl_intraday_2019_2022_hmm.parquet,OK,
m05_regime_dl_intraday_2019_2022_hmm_metrics.csv,Regime-LSTM-A-RVonly,rmse,0.0002049426845642,0.0002049426845642874,8.738669510233166e-17,4.2639577640038695e-13,m05_regime_dl_intraday_2019_2022_hmm.parquet,OK,
m05_regime_dl_intraday_2019_2022_hmm_metrics.csv,Regime-LSTM-A-RVonly,mae,6.506646477296961e-05,6.506646477296961e-05,0.0,0.0,m05_regime_dl_intraday_2019_2022_hmm.parquet,OK,
m05_regime_dl_intraday_2019_2022_hmm_metrics.csv,Regime-LSTM-A-RVonly,qlike,0.2616548446022459,0.2616548446022459,0.0,0.0,m05_regime_dl_intraday_2019_2022_hmm.parquet,OK,
m05_regime_dl_intraday_2019_2022_hmm_metrics.csv,Regime-LSTM-A,n,784.0,784.0,0.0,0.0,m05_regime_dl_intraday_2019_2022_hmm.parquet,OK,
m05_regime_dl_intraday_2019_2022_hmm_metrics.csv,Regime-LSTM-A,mse,4.03520044469641e-08,4.03520044469641e-08,0.0,0.0,m05_regime_dl_intraday_2019_2022_hmm.parquet,OK,
m05_regime_dl_intraday_2019_2022_hmm_metrics.csv,Regime-LSTM-A,rmse,0.0002008780835406,0.00020087808354064934,4.933119884809045e-17,2.4557780509748835e-13,m05_regime_dl_intraday_2019_2022_hmm.parquet,OK,
m05_regime_dl_intraday_2019_2022_hmm_metrics.csv,Regime-LSTM-A,mae,5.813253749280834e-05,5.813253749280834e-05,0.0,0.0,m05_regime_dl_intraday_2019_2022_hmm.parquet,OK,
m05_regime_dl_intraday_2019_2022_hmm_metrics.csv,Regime-LSTM-A,qlike,0.2626554797796602,0.26265547977966025,5.551115123125783e-17,2.1134587132096287e-16,m05_regime_dl_intraday_2019_2022_hmm.parquet,OK,
m05_regime_dl_intraday_2019_2022_hmm_metrics.csv,LSTM,n,784.0,784.0,0.0,0.0,m05_regime_dl_intraday_2019_2022_hmm.parquet,OK,
m05_regime_dl_intraday_2019_2022_hmm_metrics.csv,LSTM,mse,4.4849348142240164e-08,4.484934814224016e-08,6.617444900424222e-24,1.4754829611875133e-16,m05_regime_dl_intraday_2019_2022_hmm.parquet,OK,
m05_regime_dl_intraday_2019_2022_hmm_metrics.csv,LSTM,rmse,0.0002117766468292,0.00021177664682924828,4.8274101729917085e-17,2.2794818244926993e-13,m05_regime_dl_intraday_2019_2022_hmm.parquet,OK,
m05_regime_dl_intraday_2019_2022_hmm_metrics.csv,LSTM,mae,5.862772884378922e-05,5.862772884378922e-05,0.0,0.0,m05_regime_dl_intraday_2019_2022_hmm.parquet,OK,
m05_regime_dl_intraday_2019_2022_hmm_metrics.csv,LSTM,qlike,0.2650186360787922,0.2650186360787922,0.0,0.0,m05_regime_dl_intraday_2019_2022_hmm.parquet,OK,
m05_regime_dl_intraday_2019_2022_hmm_metrics.csv,HAR-RV,n,784.0,784.0,0.0,0.0,m05_regime_dl_intraday_2019_2022_hmm.parquet,OK,
m05_regime_dl_intraday_2019_2022_hmm_metrics.csv,HAR-RV,mse,4.176329944537388e-08,4.1763299445373875e-08,6.617444900424222e-24,1.5845119969699221e-16,m05_regime_dl_intraday_2019_2022_hmm.parquet,OK,
m05_regime_dl_intraday_2019_2022_hmm_metrics.csv,HAR-RV,rmse,0.0002043607091526,0.0002043607091526497,4.968356455414824e-17,2.431170099192041e-13,m05_regime_dl_intraday_2019_2022_hmm.parquet,OK,
m05_regime_dl_intraday_2019_2022_hmm_metrics.csv,HAR-RV,mae,6.046388729685261e-05,6.046388729685261e-05,0.0,0.0,m05_regime_dl_intraday_2019_2022_hmm.parquet,OK,
m05_regime_dl_intraday_2019_2022_hmm_metrics.csv,HAR-RV,qlike,0.2744895722052716,0.2744895722052716,0.0,0.0,m05_regime_dl_intraday_2019_2022_hmm.parquet,OK,
m05_regime_dl_intraday_2019_2022_hmm_metrics.csv,GARCH,n,784.0,784.0,0.0,0.0,m05_regime_dl_intraday_2019_2022_hmm.parquet,OK,
m05_regime_dl_intraday_2019_2022_hmm_metrics.csv,GARCH,mse,5.6251003065953535e-08,5.6251003065953535e-08,0.0,0.0,m05_regime_dl_intraday_2019_2022_hmm.parquet,OK,
m05_regime_dl_intraday_2019_2022_hmm_metrics.csv,GARCH,rmse,0.0002371729391519,0.00023717293915190564,5.637851296924623e-18,2.3771056331657633e-14,m05_regime_dl_intraday_2019_2022_hmm.parquet,OK,
m05_regime_dl_intraday_2019_2022_hmm_metrics.csv,GARCH,mae,7.171748128341523e-05,7.171748128341523e-05,0.0,0.0,m05_regime_dl_intraday_2019_2022_hmm.parquet,OK,
m05_regime_dl_intraday_2019_2022_hmm_metrics.csv,GARCH,qlike,0.3301714255327858,0.33017142553278583,5.551115123125783e-17,1.6812827197775056e-16,m05_regime_dl_intraday_2019_2022_hmm.parquet,OK,
m05_regime_dl_intraday_2019_2022_hmm_metrics.csv,EGARCH,n,784.0,784.0,0.0,0.0,m05_regime_dl_intraday_2019_2022_hmm.parquet,OK,
m05_regime_dl_intraday_2019_2022_hmm_metrics.csv,EGARCH,mse,5.665607030845293e-08,5.665607030845292e-08,6.617444900424222e-24,1.1680028043591504e-16,m05_regime_dl_intraday_2019_2022_hmm.parquet,OK,
m05_regime_dl_intraday_2019_2022_hmm_metrics.csv,EGARCH,rmse,0.0002380253564401,0.00023802535644013416,3.415236843329339e-17,1.4348205982789049e-13,m05_regime_dl_intraday_2019_2022_hmm.parquet,OK,
m05_regime_dl_intraday_2019_2022_hmm_metrics.csv,EGARCH,mae,6.901579848824777e-05,6.901579848824777e-05,0.0,0.0,m05_regime_dl_intraday_2019_2022_hmm.parquet,OK,
m05_regime_dl_intraday_2019_2022_hmm_metrics.csv,EGARCH,qlike,0.3327506405309858,0.33275064053098585,5.551115123125783e-17,1.6682507700864553e-16,m05_regime_dl_intraday_2019_2022_hmm.parquet,OK,
m05_regime_dl_intraday_2019_2022_hmm_metrics.csv,RW-RV,n,784.0,784.0,0.0,0.0,m05_regime_dl_intraday_2019_2022_hmm.parquet,OK,
m05_regime_dl_intraday_2019_2022_hmm_metrics.csv,RW-RV,mse,5.2838285975715815e-08,5.283828597571581e-08,6.617444900424222e-24,1.2523958296954529e-16,m05_regime_dl_intraday_2019_2022_hmm.parquet,OK,
m05_regime_dl_intraday_2019_2022_hmm_metrics.csv,RW-RV,rmse,0.0002298657999262,0.0002298657999262087,8.700722434196173e-18,3.7851313405428734e-14,m05_regime_dl_intraday_2019_2022_hmm.parquet,OK,
m05_regime_dl_intraday_2019_2022_hmm_metrics.csv,RW-RV,mae,6.578935497975982e-05,6.578935497975982e-05,0.0,0.0,m05_regime_dl_intraday_2019_2022_hmm.parquet,OK,
m05_regime_dl_intraday_2019_2022_hmm_metrics.csv,RW-RV,qlike,0.3584319726638106,0.3584319726638106,0.0,0.0,m05_regime_dl_intraday_2019_2022_hmm.parquet,OK,
m05_regime_dl_intraday_2019_2022_metrics.csv,LSTM-RVonly,n,784.0,784.0,0.0,0.0,m05_regime_dl_intraday_2019_2022.parquet,OK,
m05_regime_dl_intraday_2019_2022_metrics.csv,LSTM-RVonly,mse,4.0209644791512055e-08,4.020964479151205e-08,6.617444900424222e-24,1.6457357270216703e-16,m05_regime_dl_intraday_2019_2022.parquet,OK,
m05_regime_dl_intraday_2019_2022_metrics.csv,LSTM-RVonly,rmse,0.0002005234270391,0.00020052342703911694,1.6940658945086007e-17,8.448219340368023e-14,m05_regime_dl_intraday_2019_2022.parquet,OK,
m05_regime_dl_intraday_2019_2022_metrics.csv,LSTM-RVonly,mae,6.057960506644357e-05,6.0579605066443574e-05,6.776263578034403e-21,1.1185717652999245e-16,m05_regime_dl_intraday_2019_2022.parquet,OK,
m05_regime_dl_intraday_2019_2022_metrics.csv,LSTM-RVonly,qlike,0.2596404463150226,0.25964044631502264,5.551115123125783e-17,2.1380009170029684e-16,m05_regime_dl_intraday_2019_2022.parquet,OK,
m05_regime_dl_intraday_2019_2022_metrics.csv,Regime-LSTM-A-RVonly,n,784.0,784.0,0.0,0.0,m05_regime_dl_intraday_2019_2022.parquet,OK,
m05_regime_dl_intraday_2019_2022_metrics.csv,Regime-LSTM-A-RVonly,mse,4.152014144632781e-08,4.1520141446327805e-08,6.617444900424222e-24,1.59379151176025e-16,m05_regime_dl_intraday_2019_2022.parquet,OK,
m05_regime_dl_intraday_2019_2022_metrics.csv,Regime-LSTM-A-RVonly,rmse,0.0002037649171136,0.0002037649171136381,3.8082601308553343e-17,1.868947895840288e-13,m05_regime_dl_intraday_2019_2022.parquet,OK,
m05_regime_dl_intraday_2019_2022_metrics.csv,Regime-LSTM-A-RVonly,mae,6.472411310416948e-05,6.472411310416948e-05,0.0,0.0,m05_regime_dl_intraday_2019_2022.parquet,OK,
m05_regime_dl_intraday_2019_2022_metrics.csv,Regime-LSTM-A-RVonly,qlike,0.2617483454141135,0.2617483454141135,0.0,0.0,m05_regime_dl_intraday_2019_2022.parquet,OK,
m05_regime_dl_intraday_2019_2022_metrics.csv,Regime-LSTM-B,n,784.0,784.0,0.0,0.0,m05_regime_dl_intraday_2019_2022.parquet,OK,
m05_regime_dl_intraday_2019_2022_metrics.csv,Regime-LSTM-B,mse,4.15617715558864e-08,4.15617715558864e-08,0.0,0.0,m05_regime_dl_intraday_2019_2022.parquet,OK,
m05_regime_dl_intraday_2019_2022_metrics.csv,Regime-LSTM-B,rmse,0.0002038670438199,0.0002038670438199524,5.2394069985362e-17,2.5700117588229666e-13,m05_regime_dl_intraday_2019_2022.parquet,OK,
m05_regime_dl_intraday_2019_2022_metrics.csv,Regime-LSTM-B,mae,5.381994428476992e-05,5.381994428476992e-05,0.0,0.0,m05_regime_dl_intraday_2019_2022.parquet,OK,
m05_regime_dl_intraday_2019_2022_metrics.csv,Regime-LSTM-B,qlike,0.2621154115610506,0.26211541156105067,5.551115123125783e-17,2.1178133288941862e-16,m05_regime_dl_intraday_2019_2022.parquet,OK,
m05_regime_dl_intraday_2019_2022_metrics.csv,Regime-LSTM-A,n,784.0,784.0,0.0,0.0,m05_regime_dl_intraday_2019_2022.parquet,OK,
m05_regime_dl_intraday_2019_2022_metrics.csv,Regime-LSTM-A,mse,4.028292247374368e-08,4.0282922473743674e-08,6.617444900424222e-24,1.642742009281342e-16,m05_regime_dl_intraday_2019_2022.parquet,OK,
m05_regime_dl_intraday_2019_2022_metrics.csv,Regime-LSTM-A,rmse,0.0002007060598829,0.00020070605988296335,6.33445119274656e-17,3.1560836760197143e-13,m05_regime_dl_intraday_2019_2022.parquet,OK,
m05_regime_dl_intraday_2019_2022_metrics.csv,Regime-LSTM-A,mae,5.808740769479608e-05,5.808740769479608e-05,0.0,0.0,m05_regime_dl_intraday_2019_2022.parquet,OK,
m05_regime_dl_intraday_2019_2022_metrics.csv,Regime-LSTM-A,qlike,0.2632089645698732,0.26320896456987325,5.551115123125783e-17,2.10901446012571e-16,m05_regime_dl_intraday_2019_2022.parquet,OK,
m05_regime_dl_intraday_2019_2022_metrics.csv,LSTM,n,784.0,784.0,0.0,0.0,m05_regime_dl_intraday_2019_2022.parquet,OK,
m05_regime_dl_intraday_2019_2022_metrics.csv,LSTM,mse,4.4849348142240164e-08,4.484934814224016e-08,6.617444900424222e-24,1.4754829611875133e-16,m05_regime_dl_intraday_2019_2022.parquet,OK,
m05_regime_dl_intraday_2019_2022_metrics.csv,LSTM,rmse,0.0002117766468292,0.00021177664682924828,4.8274101729917085e-17,2.2794818244926993e-13,m05_regime_dl_intraday_2019_2022.parquet,OK,
m05_regime_dl_intraday_2019_2022_metrics.csv,LSTM,mae,5.862772884378922e-05,5.862772884378922e-05,0.0,0.0,m05_regime_dl_intraday_2019_2022.parquet,OK,
m05_regime_dl_intraday_2019_2022_metrics.csv,LSTM,qlike,0.2650186360787922,0.2650186360787922,0.0,0.0,m05_regime_dl_intraday_2019_2022.parquet,OK,
m05_regime_dl_intraday_2019_2022_metrics.csv,HAR-RV,n,784.0,784.0,0.0,0.0,m05_regime_dl_intraday_2019_2022.parquet,OK,
m05_regime_dl_intraday_2019_2022_metrics.csv,HAR-RV,mse,4.176329944537388e-08,4.1763299445373875e-08,6.617444900424222e-24,1.5845119969699221e-16,m05_regime_dl_intraday_2019_2022.parquet,OK,
m05_regime_dl_intraday_2019_2022_metrics.csv,HAR-RV,rmse,0.0002043607091526,0.0002043607091526497,4.968356455414824e-17,2.431170099192041e-13,m05_regime_dl_intraday_2019_2022.parquet,OK,
m05_regime_dl_intraday_2019_2022_metrics.csv,HAR-RV,mae,6.046388729685261e-05,6.046388729685261e-05,0.0,0.0,m05_regime_dl_intraday_2019_2022.parquet,OK,
m05_regime_dl_intraday_2019_2022_metrics.csv,HAR-RV,qlike,0.2744895722052716,0.2744895722052716,0.0,0.0,m05_regime_dl_intraday_2019_2022.parquet,OK,
m05_regime_dl_intraday_2019_2022_metrics.csv,GARCH,n,784.0,784.0,0.0,0.0,m05_regime_dl_intraday_2019_2022.parquet,OK,
m05_regime_dl_intraday_2019_2022_metrics.csv,GARCH,mse,5.6251003065953535e-08,5.6251003065953535e-08,0.0,0.0,m05_regime_dl_intraday_2019_2022.parquet,OK,
m05_regime_dl_intraday_2019_2022_metrics.csv,GARCH,rmse,0.0002371729391519,0.00023717293915190564,5.637851296924623e-18,2.3771056331657633e-14,m05_regime_dl_intraday_2019_2022.parquet,OK,
m05_regime_dl_intraday_2019_2022_metrics.csv,GARCH,mae,7.171748128341523e-05,7.171748128341523e-05,0.0,0.0,m05_regime_dl_intraday_2019_2022.parquet,OK,
m05_regime_dl_intraday_2019_2022_metrics.csv,GARCH,qlike,0.3301714255327858,0.33017142553278583,5.551115123125783e-17,1.6812827197775056e-16,m05_regime_dl_intraday_2019_2022.parquet,OK,
m05_regime_dl_intraday_2019_2022_metrics.csv,EGARCH,n,784.0,784.0,0.0,0.0,m05_regime_dl_intraday_2019_2022.parquet,OK,
m05_regime_dl_intraday_2019_2022_metrics.csv,EGARCH,mse,5.665607030845293e-08,5.665607030845292e-08,6.617444900424222e-24,1.1680028043591504e-16,m05_regime_dl_intraday_2019_2022.parquet,OK,
m05_regime_dl_intraday_2019_2022_metrics.csv,EGARCH,rmse,0.0002380253564401,0.00023802535644013416,3.415236843329339e-17,1.4348205982789049e-13,m05_regime_dl_intraday_2019_2022.parquet,OK,
m05_regime_dl_intraday_2019_2022_metrics.csv,EGARCH,mae,6.901579848824777e-05,6.901579848824777e-05,0.0,0.0,m05_regime_dl_intraday_2019_2022.parquet,OK,
m05_regime_dl_intraday_2019_2022_metrics.csv,EGARCH,qlike,0.3327506405309858,0.33275064053098585,5.551115123125783e-17,1.6682507700864553e-16,m05_regime_dl_intraday_2019_2022.parquet,OK,
m05_regime_dl_intraday_2019_2022_metrics.csv,RW-RV,n,784.0,784.0,0.0,0.0,m05_regime_dl_intraday_2019_2022.parquet,OK,
m05_regime_dl_intraday_2019_2022_metrics.csv,RW-RV,mse,5.2838285975715815e-08,5.283828597571581e-08,6.617444900424222e-24,1.2523958296954529e-16,m05_regime_dl_intraday_2019_2022.parquet,OK,
m05_regime_dl_intraday_2019_2022_metrics.csv,RW-RV,rmse,0.0002298657999262,0.0002298657999262087,8.700722434196173e-18,3.7851313405428734e-14,m05_regime_dl_intraday_2019_2022.parquet,OK,
m05_regime_dl_intraday_2019_2022_metrics.csv,RW-RV,mae,6.578935497975982e-05,6.578935497975982e-05,0.0,0.0,m05_regime_dl_intraday_2019_2022.parquet,OK,
m05_regime_dl_intraday_2019_2022_metrics.csv,RW-RV,qlike,0.3584319726638106,0.3584319726638106,0.0,0.0,m05_regime_dl_intraday_2019_2022.parquet,OK,
m05_regime_dl_rq4_ftse_metrics.csv,Regime-LSTM-B,n,795.0,795.0,0.0,0.0,m05_regime_dl_rq4_ftse.parquet,OK,
m05_regime_dl_rq4_ftse_metrics.csv,Regime-LSTM-B,mse,7.28986697999965e-08,7.28986697999965e-08,0.0,0.0,m05_regime_dl_rq4_ftse.parquet,OK,
m05_regime_dl_rq4_ftse_metrics.csv,Regime-LSTM-B,rmse,0.0002699975366554,0.000269997536655423,2.303929616531697e-17,8.5331505060071e-14,m05_regime_dl_rq4_ftse.parquet,OK,
m05_regime_dl_rq4_ftse_metrics.csv,Regime-LSTM-B,mae,7.031219050730756e-05,7.031219050730756e-05,0.0,0.0,m05_regime_dl_rq4_ftse.parquet,OK,
m05_regime_dl_rq4_ftse_metrics.csv,Regime-LSTM-B,qlike,0.2904502330831451,0.29045023308314516,5.551115123125783e-17,1.911210421214124e-16,m05_regime_dl_rq4_ftse.parquet,OK,
m05_regime_dl_rq4_ftse_metrics.csv,EGARCH,n,795.0,795.0,0.0,0.0,m05_regime_dl_rq4_ftse.parquet,OK,
m05_regime_dl_rq4_ftse_metrics.csv,EGARCH,mse,7.111718545430743e-08,7.111718545430742e-08,1.3234889800848443e-23,1.8609974110057856e-16,m05_regime_dl_rq4_ftse.parquet,OK,
m05_regime_dl_rq4_ftse_metrics.csv,EGARCH,rmse,0.0002666780558169,0.00026667805581694835,4.83554168928535e-17,1.8132506907900258e-13,m05_regime_dl_rq4_ftse.parquet,OK,
m05_regime_dl_rq4_ftse_metrics.csv,EGARCH,mae,7.719281760522071e-05,7.719281760522071e-05,0.0,0.0,m05_regime_dl_rq4_ftse.parquet,OK,
m05_regime_dl_rq4_ftse_metrics.csv,EGARCH,qlike,0.2959740529927931,0.29597405299279317,5.551115123125783e-17,1.8755411384865384e-16,m05_regime_dl_rq4_ftse.parquet,OK,
m05_regime_dl_rq4_ftse_metrics.csv,HAR-RV,n,795.0,795.0,0.0,0.0,m05_regime_dl_rq4_ftse.parquet,OK,
m05_regime_dl_rq4_ftse_metrics.csv,HAR-RV,mse,7.465884202276829e-08,7.465884202276828e-08,1.3234889800848443e-23,1.7727156546055554e-16,m05_regime_dl_rq4_ftse.parquet,OK,
m05_regime_dl_rq4_ftse_metrics.csv,HAR-RV,rmse,0.0002732377024181,0.00027323770241818434,8.435092901937224e-17,3.0870896758713417e-13,m05_regime_dl_rq4_ftse.parquet,OK,
m05_regime_dl_rq4_ftse_metrics.csv,HAR-RV,mae,7.832015039281643e-05,7.832015039281643e-05,0.0,0.0,m05_regime_dl_rq4_ftse.parquet,OK,
m05_regime_dl_rq4_ftse_metrics.csv,HAR-RV,qlike,0.299732905473131,0.29973290547313103,5.551115123125783e-17,1.8520205895856844e-16,m05_regime_dl_rq4_ftse.parquet,OK,
m05_regime_dl_rq4_ftse_metrics.csv,GARCH,n,795.0,795.0,0.0,0.0,m05_regime_dl_rq4_ftse.parquet,OK,
m05_regime_dl_rq4_ftse_metrics.csv,GARCH,mse,8.158773449917522e-08,8.158773449917522e-08,0.0,0.0,m05_regime_dl_rq4_ftse.parquet,OK,
m05_regime_dl_rq4_ftse_metrics.csv,GARCH,rmse,0.0002856356674142,0.00028563566741423457,3.458604930228759e-17,1.2108449065688424e-13,m05_regime_dl_rq4_ftse.parquet,OK,
m05_regime_dl_rq4_ftse_metrics.csv,GARCH,mae,9.08268591972642e-05,9.082685919726421e-05,1.3552527156068805e-20,1.4921276895234776e-16,m05_regime_dl_rq4_ftse.parquet,OK,
m05_regime_dl_rq4_ftse_metrics.csv,GARCH,qlike,0.3344244722219696,0.3344244722219696,0.0,0.0,m05_regime_dl_rq4_ftse.parquet,OK,
m05_regime_dl_rq4_ftse_metrics.csv,RW-RV,n,795.0,795.0,0.0,0.0,m05_regime_dl_rq4_ftse.parquet,OK,
m05_regime_dl_rq4_ftse_metrics.csv,RW-RV,mse,1.1662893241059781e-07,1.1662893241059779e-07,2.6469779601696886e-23,2.269572314055722e-16,m05_regime_dl_rq4_ftse.parquet,OK,
m05_regime_dl_rq4_ftse_metrics.csv,RW-RV,rmse,0.0003415097837699,0.0003415097837699497,4.971066960846038e-17,1.4556148014182245e-13,m05_regime_dl_rq4_ftse.parquet,OK,
m05_regime_dl_rq4_ftse_metrics.csv,RW-RV,mae,8.89061522409282e-05,8.89061522409282e-05,0.0,0.0,m05_regime_dl_rq4_ftse.parquet,OK,
m05_regime_dl_rq4_ftse_metrics.csv,RW-RV,qlike,0.5561843947564739,0.5561843947564739,0.0,0.0,m05_regime_dl_rq4_ftse.parquet,OK,
m05_regime_dl_rq4_rut_metrics.csv,Regime-LSTM-B,n,788.0,788.0,0.0,0.0,m05_regime_dl_rq4_rut.parquet,OK,
m05_regime_dl_rq4_rut_metrics.csv,Regime-LSTM-B,mse,4.50770396628416e-08,4.50770396628416e-08,0.0,0.0,m05_regime_dl_rq4_rut.parquet,OK,
m05_regime_dl_rq4_rut_metrics.csv,Regime-LSTM-B,rmse,0.0002123135409314,0.00021231354093142904,2.902951316829938e-17,1.3672944759410808e-13,m05_regime_dl_rq4_rut.parquet,OK,
m05_regime_dl_rq4_rut_metrics.csv,Regime-LSTM-B,mae,6.3503509747262e-05,6.3503509747262e-05,0.0,0.0,m05_regime_dl_rq4_rut.parquet,OK,
m05_regime_dl_rq4_rut_metrics.csv,Regime-LSTM-B,qlike,0.2143247766676925,0.21432477666769256,5.551115123125783e-17,2.590048248006672e-16,m05_regime_dl_rq4_rut.parquet,OK,
m05_regime_dl_rq4_rut_metrics.csv,HAR-RV,n,788.0,788.0,0.0,0.0,m05_regime_dl_rq4_rut.parquet,OK,
m05_regime_dl_rq4_rut_metrics.csv,HAR-RV,mse,2.8033841614909018e-08,2.8033841614909018e-08,0.0,0.0,m05_regime_dl_rq4_rut.parquet,OK,
m05_regime_dl_rq4_rut_metrics.csv,HAR-RV,rmse,0.0001674330959365,0.00016743309593658304,8.304988641238964e-17,4.960183406265557e-13,m05_regime_dl_rq4_rut.parquet,OK,
m05_regime_dl_rq4_rut_metrics.csv,HAR-RV,mae,6.716354053673203e-05,6.716354053673203e-05,0.0,0.0,m05_regime_dl_rq4_rut.parquet,OK,
m05_regime_dl_rq4_rut_metrics.csv,HAR-RV,qlike,0.2260330045577247,0.22603300455772476,5.551115123125783e-17,2.4558869772082904e-16,m05_regime_dl_rq4_rut.parquet,OK,
m05_regime_dl_rq4_rut_metrics.csv,RW-RV,n,788.0,788.0,0.0,0.0,m05_regime_dl_rq4_rut.parquet,OK,
m05_regime_dl_rq4_rut_metrics.csv,RW-RV,mse,2.8749838082455025e-08,2.8749838082455022e-08,3.308722450212111e-24,1.150866464264125e-16,m05_regime_dl_rq4_rut.parquet,OK,
m05_regime_dl_rq4_rut_metrics.csv,RW-RV,rmse,0.0001695577721086,0.0001695577721086681,6.808789643208968e-17,4.015616363989501e-13,m05_regime_dl_rq4_rut.parquet,OK,
m05_regime_dl_rq4_rut_metrics.csv,RW-RV,mae,6.964217216672461e-05,6.964217216672461e-05,0.0,0.0,m05_regime_dl_rq4_rut.parquet,OK,
m05_regime_dl_rq4_rut_metrics.csv,RW-RV,qlike,0.2859859957362961,0.28598599573629613,5.551115123125783e-17,1.9410443888463662e-16,m05_regime_dl_rq4_rut.parquet,OK,
m05_regime_dl_rq4_rut_metrics.csv,EGARCH,n,788.0,788.0,0.0,0.0,m05_regime_dl_rq4_rut.parquet,OK,
m05_regime_dl_rq4_rut_metrics.csv,EGARCH,mse,4.0912022558967765e-08,4.091202255896776e-08,6.617444900424222e-24,1.6174817294564924e-16,m05_regime_dl_rq4_rut.parquet,OK,
m05_regime_dl_rq4_rut_metrics.csv,EGARCH,rmse,0.0002022672058415,0.00020226720584159895,9.896055329361442e-17,4.892565400402158e-13,m05_regime_dl_rq4_rut.parquet,OK,
m05_regime_dl_rq4_rut_metrics.csv,EGARCH,mae,0.0001262677083625,0.0001262677083625222,2.2199039481640703e-17,1.7580931632900017e-13,m05_regime_dl_rq4_rut.parquet,OK,
m05_regime_dl_rq4_rut_metrics.csv,EGARCH,qlike,0.4436889783041359,0.4436889783041359,0.0,0.0,m05_regime_dl_rq4_rut.parquet,OK,
m05_regime_dl_rq4_rut_metrics.csv,GARCH,n,788.0,788.0,0.0,0.0,m05_regime_dl_rq4_rut.parquet,OK,
m05_regime_dl_rq4_rut_metrics.csv,GARCH,mse,7.106068964083396e-08,7.106068964083395e-08,1.3234889800848443e-23,1.862476971127397e-16,m05_regime_dl_rq4_rut.parquet,OK,
m05_regime_dl_rq4_rut_metrics.csv,GARCH,rmse,0.0002665721096454,0.00026657210964546526,6.526897078362737e-17,2.448454599036995e-13,m05_regime_dl_rq4_rut.parquet,OK,
m05_regime_dl_rq4_rut_metrics.csv,GARCH,mae,0.0001469959474387,0.0001469959474387984,9.839134715305953e-17,6.693473450626284e-13,m05_regime_dl_rq4_rut.parquet,OK,
m05_regime_dl_rq4_rut_metrics.csv,GARCH,qlike,0.4810036323403373,0.4810036323403373,0.0,0.0,m05_regime_dl_rq4_rut.parquet,OK,
m08_rq4_metrics.csv,LSTM-RVonly,n,784.0,784.0,0.0,0.0,m05_regime_dl_intraday_2019_2022.parquet,OK,
m08_rq4_metrics.csv,LSTM-RVonly,mse,4.0209644791512055e-08,4.020964479151205e-08,6.617444900424222e-24,1.6457357270216703e-16,m05_regime_dl_intraday_2019_2022.parquet,OK,
m08_rq4_metrics.csv,LSTM-RVonly,rmse,0.0002005234270391,0.00020052342703911694,1.6940658945086007e-17,8.448219340368023e-14,m05_regime_dl_intraday_2019_2022.parquet,OK,
m08_rq4_metrics.csv,LSTM-RVonly,mae,6.057960506644357e-05,6.0579605066443574e-05,6.776263578034403e-21,1.1185717652999245e-16,m05_regime_dl_intraday_2019_2022.parquet,OK,
m08_rq4_metrics.csv,LSTM-RVonly,qlike,0.2596404463150226,0.25964044631502264,5.551115123125783e-17,2.1380009170029684e-16,m05_regime_dl_intraday_2019_2022.parquet,OK,
m08_rq4_metrics.csv,Regime-LSTM-A-RVonly,n,784.0,784.0,0.0,0.0,m05_regime_dl_intraday_2019_2022.parquet,OK,
m08_rq4_metrics.csv,Regime-LSTM-A-RVonly,mse,4.152014144632781e-08,4.1520141446327805e-08,6.617444900424222e-24,1.59379151176025e-16,m05_regime_dl_intraday_2019_2022.parquet,OK,
m08_rq4_metrics.csv,Regime-LSTM-A-RVonly,rmse,0.0002037649171136,0.0002037649171136381,3.8082601308553343e-17,1.868947895840288e-13,m05_regime_dl_intraday_2019_2022.parquet,OK,
m08_rq4_metrics.csv,Regime-LSTM-A-RVonly,mae,6.472411310416948e-05,6.472411310416948e-05,0.0,0.0,m05_regime_dl_intraday_2019_2022.parquet,OK,
m08_rq4_metrics.csv,Regime-LSTM-A-RVonly,qlike,0.2617483454141135,0.2617483454141135,0.0,0.0,m05_regime_dl_intraday_2019_2022.parquet,OK,
m08_rq4_metrics.csv,Regime-LSTM-B,n,784.0,784.0,0.0,0.0,m05_regime_dl_intraday_2019_2022.parquet,OK,
m08_rq4_metrics.csv,Regime-LSTM-B,mse,4.15617715558864e-08,4.15617715558864e-08,0.0,0.0,m05_regime_dl_intraday_2019_2022.parquet,OK,
m08_rq4_metrics.csv,Regime-LSTM-B,rmse,0.0002038670438199,0.0002038670438199524,5.2394069985362e-17,2.5700117588229666e-13,m05_regime_dl_intraday_2019_2022.parquet,OK,
m08_rq4_metrics.csv,Regime-LSTM-B,mae,5.381994428476992e-05,5.381994428476992e-05,0.0,0.0,m05_regime_dl_intraday_2019_2022.parquet,OK,
m08_rq4_metrics.csv,Regime-LSTM-B,qlike,0.2621154115610506,0.26211541156105067,5.551115123125783e-17,2.1178133288941862e-16,m05_regime_dl_intraday_2019_2022.parquet,OK,
m08_rq4_metrics.csv,Regime-LSTM-A,n,784.0,784.0,0.0,0.0,m05_regime_dl_intraday_2019_2022.parquet,OK,
m08_rq4_metrics.csv,Regime-LSTM-A,mse,4.028292247374368e-08,4.0282922473743674e-08,6.617444900424222e-24,1.642742009281342e-16,m05_regime_dl_intraday_2019_2022.parquet,OK,
m08_rq4_metrics.csv,Regime-LSTM-A,rmse,0.0002007060598829,0.00020070605988296335,6.33445119274656e-17,3.1560836760197143e-13,m05_regime_dl_intraday_2019_2022.parquet,OK,
m08_rq4_metrics.csv,Regime-LSTM-A,mae,5.808740769479608e-05,5.808740769479608e-05,0.0,0.0,m05_regime_dl_intraday_2019_2022.parquet,OK,
m08_rq4_metrics.csv,Regime-LSTM-A,qlike,0.2632089645698732,0.26320896456987325,5.551115123125783e-17,2.10901446012571e-16,m05_regime_dl_intraday_2019_2022.parquet,OK,
m08_rq4_metrics.csv,LSTM,n,784.0,784.0,0.0,0.0,m05_regime_dl_intraday_2019_2022.parquet,OK,
m08_rq4_metrics.csv,LSTM,mse,4.4849348142240164e-08,4.484934814224016e-08,6.617444900424222e-24,1.4754829611875133e-16,m05_regime_dl_intraday_2019_2022.parquet,OK,
m08_rq4_metrics.csv,LSTM,rmse,0.0002117766468292,0.00021177664682924828,4.8274101729917085e-17,2.2794818244926993e-13,m05_regime_dl_intraday_2019_2022.parquet,OK,
m08_rq4_metrics.csv,LSTM,mae,5.862772884378922e-05,5.862772884378922e-05,0.0,0.0,m05_regime_dl_intraday_2019_2022.parquet,OK,
m08_rq4_metrics.csv,LSTM,qlike,0.2650186360787922,0.2650186360787922,0.0,0.0,m05_regime_dl_intraday_2019_2022.parquet,OK,
m08_rq4_metrics.csv,HAR-RV,n,784.0,784.0,0.0,0.0,m05_regime_dl_intraday_2019_2022.parquet,OK,
m08_rq4_metrics.csv,HAR-RV,mse,4.176329944537388e-08,4.1763299445373875e-08,6.617444900424222e-24,1.5845119969699221e-16,m05_regime_dl_intraday_2019_2022.parquet,OK,
m08_rq4_metrics.csv,HAR-RV,rmse,0.0002043607091526,0.0002043607091526497,4.968356455414824e-17,2.431170099192041e-13,m05_regime_dl_intraday_2019_2022.parquet,OK,
m08_rq4_metrics.csv,HAR-RV,mae,6.046388729685261e-05,6.046388729685261e-05,0.0,0.0,m05_regime_dl_intraday_2019_2022.parquet,OK,
m08_rq4_metrics.csv,HAR-RV,qlike,0.2744895722052716,0.2744895722052716,0.0,0.0,m05_regime_dl_intraday_2019_2022.parquet,OK,
m08_rq4_metrics.csv,GARCH,n,784.0,784.0,0.0,0.0,m05_regime_dl_intraday_2019_2022.parquet,OK,
m08_rq4_metrics.csv,GARCH,mse,5.6251003065953535e-08,5.6251003065953535e-08,0.0,0.0,m05_regime_dl_intraday_2019_2022.parquet,OK,
m08_rq4_metrics.csv,GARCH,rmse,0.0002371729391519,0.00023717293915190564,5.637851296924623e-18,2.3771056331657633e-14,m05_regime_dl_intraday_2019_2022.parquet,OK,
m08_rq4_metrics.csv,GARCH,mae,7.171748128341523e-05,7.171748128341523e-05,0.0,0.0,m05_regime_dl_intraday_2019_2022.parquet,OK,
m08_rq4_metrics.csv,GARCH,qlike,0.3301714255327858,0.33017142553278583,5.551115123125783e-17,1.6812827197775056e-16,m05_regime_dl_intraday_2019_2022.parquet,OK,
m08_rq4_metrics.csv,EGARCH,n,784.0,784.0,0.0,0.0,m05_regime_dl_intraday_2019_2022.parquet,OK,
m08_rq4_metrics.csv,EGARCH,mse,5.665607030845293e-08,5.665607030845292e-08,6.617444900424222e-24,1.1680028043591504e-16,m05_regime_dl_intraday_2019_2022.parquet,OK,
m08_rq4_metrics.csv,EGARCH,rmse,0.0002380253564401,0.00023802535644013416,3.415236843329339e-17,1.4348205982789049e-13,m05_regime_dl_intraday_2019_2022.parquet,OK,
m08_rq4_metrics.csv,EGARCH,mae,6.901579848824777e-05,6.901579848824777e-05,0.0,0.0,m05_regime_dl_intraday_2019_2022.parquet,OK,
m08_rq4_metrics.csv,EGARCH,qlike,0.3327506405309858,0.33275064053098585,5.551115123125783e-17,1.6682507700864553e-16,m05_regime_dl_intraday_2019_2022.parquet,OK,
m08_rq4_metrics.csv,RW-RV,n,784.0,784.0,0.0,0.0,m05_regime_dl_intraday_2019_2022.parquet,OK,
m08_rq4_metrics.csv,RW-RV,mse,5.2838285975715815e-08,5.283828597571581e-08,6.617444900424222e-24,1.2523958296954529e-16,m05_regime_dl_intraday_2019_2022.parquet,OK,
m08_rq4_metrics.csv,RW-RV,rmse,0.0002298657999262,0.0002298657999262087,8.700722434196173e-18,3.7851313405428734e-14,m05_regime_dl_intraday_2019_2022.parquet,OK,
m08_rq4_metrics.csv,RW-RV,mae,6.578935497975982e-05,6.578935497975982e-05,0.0,0.0,m05_regime_dl_intraday_2019_2022.parquet,OK,
m08_rq4_metrics.csv,RW-RV,qlike,0.3584319726638106,0.3584319726638106,0.0,0.0,m05_regime_dl_intraday_2019_2022.parquet,OK,
m08_rq4_metrics.csv,Regime-LSTM-B,n,788.0,788.0,0.0,0.0,m05_regime_dl_rq4_rut.parquet,OK,
m08_rq4_metrics.csv,Regime-LSTM-B,mse,4.50770396628416e-08,4.50770396628416e-08,0.0,0.0,m05_regime_dl_rq4_rut.parquet,OK,
m08_rq4_metrics.csv,Regime-LSTM-B,rmse,0.0002123135409314,0.00021231354093142904,2.902951316829938e-17,1.3672944759410808e-13,m05_regime_dl_rq4_rut.parquet,OK,
m08_rq4_metrics.csv,Regime-LSTM-B,mae,6.3503509747262e-05,6.3503509747262e-05,0.0,0.0,m05_regime_dl_rq4_rut.parquet,OK,
m08_rq4_metrics.csv,Regime-LSTM-B,qlike,0.2143247766676925,0.21432477666769256,5.551115123125783e-17,2.590048248006672e-16,m05_regime_dl_rq4_rut.parquet,OK,
m08_rq4_metrics.csv,HAR-RV,n,788.0,788.0,0.0,0.0,m05_regime_dl_rq4_rut.parquet,OK,
m08_rq4_metrics.csv,HAR-RV,mse,2.8033841614909018e-08,2.8033841614909018e-08,0.0,0.0,m05_regime_dl_rq4_rut.parquet,OK,
m08_rq4_metrics.csv,HAR-RV,rmse,0.0001674330959365,0.00016743309593658304,8.304988641238964e-17,4.960183406265557e-13,m05_regime_dl_rq4_rut.parquet,OK,
m08_rq4_metrics.csv,HAR-RV,mae,6.716354053673203e-05,6.716354053673203e-05,0.0,0.0,m05_regime_dl_rq4_rut.parquet,OK,
m08_rq4_metrics.csv,HAR-RV,qlike,0.2260330045577247,0.22603300455772476,5.551115123125783e-17,2.4558869772082904e-16,m05_regime_dl_rq4_rut.parquet,OK,
m08_rq4_metrics.csv,RW-RV,n,788.0,788.0,0.0,0.0,m05_regime_dl_rq4_rut.parquet,OK,
m08_rq4_metrics.csv,RW-RV,mse,2.8749838082455025e-08,2.8749838082455022e-08,3.308722450212111e-24,1.150866464264125e-16,m05_regime_dl_rq4_rut.parquet,OK,
m08_rq4_metrics.csv,RW-RV,rmse,0.0001695577721086,0.0001695577721086681,6.808789643208968e-17,4.015616363989501e-13,m05_regime_dl_rq4_rut.parquet,OK,
m08_rq4_metrics.csv,RW-RV,mae,6.964217216672461e-05,6.964217216672461e-05,0.0,0.0,m05_regime_dl_rq4_rut.parquet,OK,
m08_rq4_metrics.csv,RW-RV,qlike,0.2859859957362961,0.28598599573629613,5.551115123125783e-17,1.9410443888463662e-16,m05_regime_dl_rq4_rut.parquet,OK,
m08_rq4_metrics.csv,EGARCH,n,788.0,788.0,0.0,0.0,m05_regime_dl_rq4_rut.parquet,OK,
m08_rq4_metrics.csv,EGARCH,mse,4.0912022558967765e-08,4.091202255896776e-08,6.617444900424222e-24,1.6174817294564924e-16,m05_regime_dl_rq4_rut.parquet,OK,
m08_rq4_metrics.csv,EGARCH,rmse,0.0002022672058415,0.00020226720584159895,9.896055329361442e-17,4.892565400402158e-13,m05_regime_dl_rq4_rut.parquet,OK,
m08_rq4_metrics.csv,EGARCH,mae,0.0001262677083625,0.0001262677083625222,2.2199039481640703e-17,1.7580931632900017e-13,m05_regime_dl_rq4_rut.parquet,OK,
m08_rq4_metrics.csv,EGARCH,qlike,0.4436889783041359,0.4436889783041359,0.0,0.0,m05_regime_dl_rq4_rut.parquet,OK,
m08_rq4_metrics.csv,GARCH,n,788.0,788.0,0.0,0.0,m05_regime_dl_rq4_rut.parquet,OK,
m08_rq4_metrics.csv,GARCH,mse,7.106068964083396e-08,7.106068964083395e-08,1.3234889800848443e-23,1.862476971127397e-16,m05_regime_dl_rq4_rut.parquet,OK,
m08_rq4_metrics.csv,GARCH,rmse,0.0002665721096454,0.00026657210964546526,6.526897078362737e-17,2.448454599036995e-13,m05_regime_dl_rq4_rut.parquet,OK,
m08_rq4_metrics.csv,GARCH,mae,0.0001469959474387,0.0001469959474387984,9.839134715305953e-17,6.693473450626284e-13,m05_regime_dl_rq4_rut.parquet,OK,
m08_rq4_metrics.csv,GARCH,qlike,0.4810036323403373,0.4810036323403373,0.0,0.0,m05_regime_dl_rq4_rut.parquet,OK,
m08_rq4_metrics.csv,Regime-LSTM-B,n,795.0,795.0,0.0,0.0,m05_regime_dl_rq4_ftse.parquet,OK,
m08_rq4_metrics.csv,Regime-LSTM-B,mse,7.28986697999965e-08,7.28986697999965e-08,0.0,0.0,m05_regime_dl_rq4_ftse.parquet,OK,
m08_rq4_metrics.csv,Regime-LSTM-B,rmse,0.0002699975366554,0.000269997536655423,2.303929616531697e-17,8.5331505060071e-14,m05_regime_dl_rq4_ftse.parquet,OK,
m08_rq4_metrics.csv,Regime-LSTM-B,mae,7.031219050730756e-05,7.031219050730756e-05,0.0,0.0,m05_regime_dl_rq4_ftse.parquet,OK,
m08_rq4_metrics.csv,Regime-LSTM-B,qlike,0.2904502330831451,0.29045023308314516,5.551115123125783e-17,1.911210421214124e-16,m05_regime_dl_rq4_ftse.parquet,OK,
m08_rq4_metrics.csv,EGARCH,n,795.0,795.0,0.0,0.0,m05_regime_dl_rq4_ftse.parquet,OK,
m08_rq4_metrics.csv,EGARCH,mse,7.111718545430743e-08,7.111718545430742e-08,1.3234889800848443e-23,1.8609974110057856e-16,m05_regime_dl_rq4_ftse.parquet,OK,
m08_rq4_metrics.csv,EGARCH,rmse,0.0002666780558169,0.00026667805581694835,4.83554168928535e-17,1.8132506907900258e-13,m05_regime_dl_rq4_ftse.parquet,OK,
m08_rq4_metrics.csv,EGARCH,mae,7.719281760522071e-05,7.719281760522071e-05,0.0,0.0,m05_regime_dl_rq4_ftse.parquet,OK,
m08_rq4_metrics.csv,EGARCH,qlike,0.2959740529927931,0.29597405299279317,5.551115123125783e-17,1.8755411384865384e-16,m05_regime_dl_rq4_ftse.parquet,OK,
m08_rq4_metrics.csv,HAR-RV,n,795.0,795.0,0.0,0.0,m05_regime_dl_rq4_ftse.parquet,OK,
m08_rq4_metrics.csv,HAR-RV,mse,7.465884202276829e-08,7.465884202276828e-08,1.3234889800848443e-23,1.7727156546055554e-16,m05_regime_dl_rq4_ftse.parquet,OK,
m08_rq4_metrics.csv,HAR-RV,rmse,0.0002732377024181,0.00027323770241818434,8.435092901937224e-17,3.0870896758713417e-13,m05_regime_dl_rq4_ftse.parquet,OK,
m08_rq4_metrics.csv,HAR-RV,mae,7.832015039281643e-05,7.832015039281643e-05,0.0,0.0,m05_regime_dl_rq4_ftse.parquet,OK,
m08_rq4_metrics.csv,HAR-RV,qlike,0.299732905473131,0.29973290547313103,5.551115123125783e-17,1.8520205895856844e-16,m05_regime_dl_rq4_ftse.parquet,OK,
m08_rq4_metrics.csv,GARCH,n,795.0,795.0,0.0,0.0,m05_regime_dl_rq4_ftse.parquet,OK,
m08_rq4_metrics.csv,GARCH,mse,8.158773449917522e-08,8.158773449917522e-08,0.0,0.0,m05_regime_dl_rq4_ftse.parquet,OK,
m08_rq4_metrics.csv,GARCH,rmse,0.0002856356674142,0.00028563566741423457,3.458604930228759e-17,1.2108449065688424e-13,m05_regime_dl_rq4_ftse.parquet,OK,
m08_rq4_metrics.csv,GARCH,mae,9.08268591972642e-05,9.082685919726421e-05,1.3552527156068805e-20,1.4921276895234776e-16,m05_regime_dl_rq4_ftse.parquet,OK,
m08_rq4_metrics.csv,GARCH,qlike,0.3344244722219696,0.3344244722219696,0.0,0.0,m05_regime_dl_rq4_ftse.parquet,OK,
m08_rq4_metrics.csv,RW-RV,n,795.0,795.0,0.0,0.0,m05_regime_dl_rq4_ftse.parquet,OK,
m08_rq4_metrics.csv,RW-RV,mse,1.1662893241059781e-07,1.1662893241059779e-07,2.6469779601696886e-23,2.269572314055722e-16,m05_regime_dl_rq4_ftse.parquet,OK,
m08_rq4_metrics.csv,RW-RV,rmse,0.0003415097837699,0.0003415097837699497,4.971066960846038e-17,1.4556148014182245e-13,m05_regime_dl_rq4_ftse.parquet,OK,
m08_rq4_metrics.csv,RW-RV,mae,8.89061522409282e-05,8.89061522409282e-05,0.0,0.0,m05_regime_dl_rq4_ftse.parquet,OK,
m08_rq4_metrics.csv,RW-RV,qlike,0.5561843947564739,0.5561843947564739,0.0,0.0,m05_regime_dl_rq4_ftse.parquet,OK,
m07_combined_intraday_2019_2022_hmm_master.csv,MC-Dropout-Regime-LSTM-B,n,784.0,784.0,0.0,0.0,m07_combined_intraday_2019_2022_hmm.parquet,OK,
m07_combined_intraday_2019_2022_hmm_master.csv,MC-Dropout-Regime-LSTM-B,mse,4.055302499815564e-08,4.055302499815564e-08,0.0,0.0,m07_combined_intraday_2019_2022_hmm.parquet,OK,
m07_combined_intraday_2019_2022_hmm_master.csv,MC-Dropout-Regime-LSTM-B,mae,5.332518660646385e-05,5.332518660646385e-05,0.0,0.0,m07_combined_intraday_2019_2022_hmm.parquet,OK,
m07_combined_intraday_2019_2022_hmm_master.csv,MC-Dropout-Regime-LSTM-B,qlike,0.2581822603468973,0.25818226034689734,5.551115123125783e-17,2.1500761189662012e-16,m07_combined_intraday_2019_2022_hmm.parquet,OK,
m07_combined_intraday_2019_2022_hmm_master.csv,Regime-LSTM-B,n,784.0,784.0,0.0,0.0,m05_regime_dl_intraday_2019_2022_hmm.parquet,OK,
m07_combined_intraday_2019_2022_hmm_master.csv,Regime-LSTM-B,mse,4.0486658967231496e-08,4.048665896723149e-08,6.617444900424222e-24,1.634475422084137e-16,m05_regime_dl_intraday_2019_2022_hmm.parquet,OK,
m07_combined_intraday_2019_2022_hmm_master.csv,Regime-LSTM-B,mae,5.334308669349087e-05,5.334308669349087e-05,0.0,0.0,m05_regime_dl_intraday_2019_2022_hmm.parquet,OK,
m07_combined_intraday_2019_2022_hmm_master.csv,Regime-LSTM-B,qlike,0.2583132248991653,0.25831322489916536,5.551115123125783e-17,2.1489860324777045e-16,m05_regime_dl_intraday_2019_2022_hmm.parquet,OK,
m07_combined_intraday_2019_2022_hmm_master.csv,LSTM-RVonly,n,784.0,784.0,0.0,0.0,m05_regime_dl_intraday_2019_2022_hmm.parquet,OK,
m07_combined_intraday_2019_2022_hmm_master.csv,LSTM-RVonly,mse,4.0209644791512055e-08,4.020964479151205e-08,6.617444900424222e-24,1.6457357270216703e-16,m05_regime_dl_intraday_2019_2022_hmm.parquet,OK,
m07_combined_intraday_2019_2022_hmm_master.csv,LSTM-RVonly,mae,6.057960506644357e-05,6.0579605066443574e-05,6.776263578034403e-21,1.1185717652999245e-16,m05_regime_dl_intraday_2019_2022_hmm.parquet,OK,
m07_combined_intraday_2019_2022_hmm_master.csv,LSTM-RVonly,qlike,0.2596404463150226,0.25964044631502264,5.551115123125783e-17,2.1380009170029684e-16,m05_regime_dl_intraday_2019_2022_hmm.parquet,OK,
m07_combined_intraday_2019_2022_hmm_master.csv,Regime-LSTM-A-RVonly,n,784.0,784.0,0.0,0.0,m05_regime_dl_intraday_2019_2022_hmm.parquet,OK,
m07_combined_intraday_2019_2022_hmm_master.csv,Regime-LSTM-A-RVonly,mse,4.2001503956417e-08,4.2001503956417e-08,0.0,0.0,m05_regime_dl_intraday_2019_2022_hmm.parquet,OK,
m07_combined_intraday_2019_2022_hmm_master.csv,Regime-LSTM-A-RVonly,mae,6.506646477296961e-05,6.506646477296961e-05,0.0,0.0,m05_regime_dl_intraday_2019_2022_hmm.parquet,OK,
m07_combined_intraday_2019_2022_hmm_master.csv,Regime-LSTM-A-RVonly,qlike,0.2616548446022459,0.2616548446022459,0.0,0.0,m05_regime_dl_intraday_2019_2022_hmm.parquet,OK,
m07_combined_intraday_2019_2022_hmm_master.csv,Regime-LSTM-A,n,784.0,784.0,0.0,0.0,m05_regime_dl_intraday_2019_2022_hmm.parquet,OK,
m07_combined_intraday_2019_2022_hmm_master.csv,Regime-LSTM-A,mse,4.03520044469641e-08,4.03520044469641e-08,0.0,0.0,m05_regime_dl_intraday_2019_2022_hmm.parquet,OK,
m07_combined_intraday_2019_2022_hmm_master.csv,Regime-LSTM-A,mae,5.813253749280834e-05,5.813253749280834e-05,0.0,0.0,m05_regime_dl_intraday_2019_2022_hmm.parquet,OK,
m07_combined_intraday_2019_2022_hmm_master.csv,Regime-LSTM-A,qlike,0.2626554797796602,0.26265547977966025,5.551115123125783e-17,2.1134587132096287e-16,m05_regime_dl_intraday_2019_2022_hmm.parquet,OK,
m07_combined_intraday_2019_2022_hmm_master.csv,LSTM-Gaussian,n,784.0,784.0,0.0,0.0,m06_uq_intraday_2019_2022_hmm.parquet,OK,
m07_combined_intraday_2019_2022_hmm_master.csv,LSTM-Gaussian,mse,4.4849336176077776e-08,4.4849336176077776e-08,0.0,0.0,m06_uq_intraday_2019_2022_hmm.parquet,OK,
m07_combined_intraday_2019_2022_hmm_master.csv,LSTM-Gaussian,mae,5.86277324105918e-05,5.86277324105918e-05,0.0,0.0,m06_uq_intraday_2019_2022_hmm.parquet,OK,
m07_combined_intraday_2019_2022_hmm_master.csv,LSTM-Gaussian,qlike,0.2650185870558635,0.2650185870558635,0.0,0.0,m06_uq_intraday_2019_2022_hmm.parquet,OK,
m07_combined_intraday_2019_2022_hmm_master.csv,LSTM,n,784.0,784.0,0.0,0.0,m05_regime_dl_intraday_2019_2022_hmm.parquet,OK,
m07_combined_intraday_2019_2022_hmm_master.csv,LSTM,mse,4.4849348142240164e-08,4.484934814224016e-08,6.617444900424222e-24,1.4754829611875133e-16,m05_regime_dl_intraday_2019_2022_hmm.parquet,OK,
m07_combined_intraday_2019_2022_hmm_master.csv,LSTM,mae,5.862772884378922e-05,5.862772884378922e-05,0.0,0.0,m05_regime_dl_intraday_2019_2022_hmm.parquet,OK,
m07_combined_intraday_2019_2022_hmm_master.csv,LSTM,qlike,0.2650186360787922,0.2650186360787922,0.0,0.0,m05_regime_dl_intraday_2019_2022_hmm.parquet,OK,
m07_combined_intraday_2019_2022_hmm_master.csv,MC-Dropout-LSTM,n,784.0,784.0,0.0,0.0,m06_uq_intraday_2019_2022_hmm.parquet,OK,
m07_combined_intraday_2019_2022_hmm_master.csv,MC-Dropout-LSTM,mse,4.493871032588725e-08,4.4938710325887254e-08,6.617444900424222e-24,1.4725489121596347e-16,m06_uq_intraday_2019_2022_hmm.parquet,OK,
m07_combined_intraday_2019_2022_hmm_master.csv,MC-Dropout-LSTM,mae,5.87385936433634e-05,5.8738593643363395e-05,6.776263578034403e-21,1.1536305447108743e-16,m06_uq_intraday_2019_2022_hmm.parquet,OK,
m07_combined_intraday_2019_2022_hmm_master.csv,MC-Dropout-LSTM,qlike,0.2652326543218103,0.2652326543218103,0.0,0.0,m06_uq_intraday_2019_2022_hmm.parquet,OK,
m07_combined_intraday_2019_2022_hmm_master.csv,Quantile-LSTM-mean,-,,,,,"m07_combined_intraday_2019_2022_hmm, m05_regime_dl_intraday_2019_2022_hmm, m06_uq_intraday_2019_2022_hmm",SKIP,"derived row: the quantile head's own forecast retransformed to the mean scale, not a persisted series"
m07_combined_intraday_2019_2022_hmm_master.csv,HAR-RV,n,784.0,784.0,0.0,0.0,m05_regime_dl_intraday_2019_2022_hmm.parquet,OK,
m07_combined_intraday_2019_2022_hmm_master.csv,HAR-RV,mse,4.176329944537388e-08,4.1763299445373875e-08,6.617444900424222e-24,1.5845119969699221e-16,m05_regime_dl_intraday_2019_2022_hmm.parquet,OK,
m07_combined_intraday_2019_2022_hmm_master.csv,HAR-RV,mae,6.046388729685261e-05,6.046388729685261e-05,0.0,0.0,m05_regime_dl_intraday_2019_2022_hmm.parquet,OK,
m07_combined_intraday_2019_2022_hmm_master.csv,HAR-RV,qlike,0.2744895722052716,0.2744895722052716,0.0,0.0,m05_regime_dl_intraday_2019_2022_hmm.parquet,OK,
m07_combined_intraday_2019_2022_hmm_master.csv,Quantile-LSTM,n,784.0,784.0,0.0,0.0,m06_uq_intraday_2019_2022_hmm.parquet,OK,
m07_combined_intraday_2019_2022_hmm_master.csv,Quantile-LSTM,mse,5.1312697241036166e-08,5.1312697241036166e-08,0.0,0.0,m06_uq_intraday_2019_2022_hmm.parquet,OK,
m07_combined_intraday_2019_2022_hmm_master.csv,Quantile-LSTM,mae,5.7297596703954026e-05,5.7297596703954026e-05,0.0,0.0,m06_uq_intraday_2019_2022_hmm.parquet,OK,
m07_combined_intraday_2019_2022_hmm_master.csv,Quantile-LSTM,qlike,0.3216466868446237,0.3216466868446237,0.0,0.0,m06_uq_intraday_2019_2022_hmm.parquet,OK,
m07_combined_intraday_2019_2022_hmm_master.csv,GARCH,n,784.0,784.0,0.0,0.0,m05_regime_dl_intraday_2019_2022_hmm.parquet,OK,
m07_combined_intraday_2019_2022_hmm_master.csv,GARCH,mse,5.6251003065953535e-08,5.6251003065953535e-08,0.0,0.0,m05_regime_dl_intraday_2019_2022_hmm.parquet,OK,
m07_combined_intraday_2019_2022_hmm_master.csv,GARCH,mae,7.171748128341523e-05,7.171748128341523e-05,0.0,0.0,m05_regime_dl_intraday_2019_2022_hmm.parquet,OK,
m07_combined_intraday_2019_2022_hmm_master.csv,GARCH,qlike,0.3301714255327858,0.33017142553278583,5.551115123125783e-17,1.6812827197775056e-16,m05_regime_dl_intraday_2019_2022_hmm.parquet,OK,
m07_combined_intraday_2019_2022_hmm_master.csv,EGARCH,n,784.0,784.0,0.0,0.0,m05_regime_dl_intraday_2019_2022_hmm.parquet,OK,
m07_combined_intraday_2019_2022_hmm_master.csv,EGARCH,mse,5.665607030845293e-08,5.665607030845292e-08,6.617444900424222e-24,1.1680028043591504e-16,m05_regime_dl_intraday_2019_2022_hmm.parquet,OK,
m07_combined_intraday_2019_2022_hmm_master.csv,EGARCH,mae,6.901579848824777e-05,6.901579848824777e-05,0.0,0.0,m05_regime_dl_intraday_2019_2022_hmm.parquet,OK,
m07_combined_intraday_2019_2022_hmm_master.csv,EGARCH,qlike,0.3327506405309858,0.33275064053098585,5.551115123125783e-17,1.6682507700864553e-16,m05_regime_dl_intraday_2019_2022_hmm.parquet,OK,
m07_combined_intraday_2019_2022_hmm_master.csv,RW-RV,n,784.0,784.0,0.0,0.0,m05_regime_dl_intraday_2019_2022_hmm.parquet,OK,
m07_combined_intraday_2019_2022_hmm_master.csv,RW-RV,mse,5.2838285975715815e-08,5.283828597571581e-08,6.617444900424222e-24,1.2523958296954529e-16,m05_regime_dl_intraday_2019_2022_hmm.parquet,OK,
m07_combined_intraday_2019_2022_hmm_master.csv,RW-RV,mae,6.578935497975982e-05,6.578935497975982e-05,0.0,0.0,m05_regime_dl_intraday_2019_2022_hmm.parquet,OK,
m07_combined_intraday_2019_2022_hmm_master.csv,RW-RV,qlike,0.3584319726638106,0.3584319726638106,0.0,0.0,m05_regime_dl_intraday_2019_2022_hmm.parquet,OK,
m07_combined_intraday_2019_2022_master.csv,LSTM-RVonly,n,784.0,784.0,0.0,0.0,m03_lstm_intraday_2019_2022.parquet,OK,
m07_combined_intraday_2019_2022_master.csv,LSTM-RVonly,mse,4.0209644791512055e-08,4.020964479151205e-08,6.617444900424222e-24,1.6457357270216703e-16,m03_lstm_intraday_2019_2022.parquet,OK,
m07_combined_intraday_2019_2022_master.csv,LSTM-RVonly,mae,6.057960506644357e-05,6.0579605066443574e-05,6.776263578034403e-21,1.1185717652999245e-16,m03_lstm_intraday_2019_2022.parquet,OK,
m07_combined_intraday_2019_2022_master.csv,LSTM-RVonly,qlike,0.2596404463150226,0.25964044631502264,5.551115123125783e-17,2.1380009170029684e-16,m03_lstm_intraday_2019_2022.parquet,OK,
m07_combined_intraday_2019_2022_master.csv,Regime-LSTM-A-RVonly,n,784.0,784.0,0.0,0.0,m05_regime_dl_intraday_2019_2022.parquet,OK,
m07_combined_intraday_2019_2022_master.csv,Regime-LSTM-A-RVonly,mse,4.152014144632781e-08,4.1520141446327805e-08,6.617444900424222e-24,1.59379151176025e-16,m05_regime_dl_intraday_2019_2022.parquet,OK,
m07_combined_intraday_2019_2022_master.csv,Regime-LSTM-A-RVonly,mae,6.472411310416948e-05,6.472411310416948e-05,0.0,0.0,m05_regime_dl_intraday_2019_2022.parquet,OK,
m07_combined_intraday_2019_2022_master.csv,Regime-LSTM-A-RVonly,qlike,0.2617483454141135,0.2617483454141135,0.0,0.0,m05_regime_dl_intraday_2019_2022.parquet,OK,
m07_combined_intraday_2019_2022_master.csv,MC-Dropout-Regime-LSTM-B,n,784.0,784.0,0.0,0.0,m07_combined_intraday_2019_2022.parquet,OK,
m07_combined_intraday_2019_2022_master.csv,MC-Dropout-Regime-LSTM-B,mse,4.1566123979390096e-08,4.1566123979390096e-08,0.0,0.0,m07_combined_intraday_2019_2022.parquet,OK,
m07_combined_intraday_2019_2022_master.csv,MC-Dropout-Regime-LSTM-B,mae,5.372773959653477e-05,5.372773959653477e-05,0.0,0.0,m07_combined_intraday_2019_2022.parquet,OK,
m07_combined_intraday_2019_2022_master.csv,MC-Dropout-Regime-LSTM-B,qlike,0.2619395864331803,0.2619395864331803,0.0,0.0,m07_combined_intraday_2019_2022.parquet,OK,
m07_combined_intraday_2019_2022_master.csv,Regime-LSTM-B,n,784.0,784.0,0.0,0.0,m05_regime_dl_intraday_2019_2022.parquet,OK,
m07_combined_intraday_2019_2022_master.csv,Regime-LSTM-B,mse,4.15617715558864e-08,4.15617715558864e-08,0.0,0.0,m05_regime_dl_intraday_2019_2022.parquet,OK,
m07_combined_intraday_2019_2022_master.csv,Regime-LSTM-B,mae,5.381994428476992e-05,5.381994428476992e-05,0.0,0.0,m05_regime_dl_intraday_2019_2022.parquet,OK,
m07_combined_intraday_2019_2022_master.csv,Regime-LSTM-B,qlike,0.2621154115610506,0.26211541156105067,5.551115123125783e-17,2.1178133288941862e-16,m05_regime_dl_intraday_2019_2022.parquet,OK,
m07_combined_intraday_2019_2022_master.csv,Regime-LSTM-A,n,784.0,784.0,0.0,0.0,m05_regime_dl_intraday_2019_2022.parquet,OK,
m07_combined_intraday_2019_2022_master.csv,Regime-LSTM-A,mse,4.028292247374368e-08,4.0282922473743674e-08,6.617444900424222e-24,1.642742009281342e-16,m05_regime_dl_intraday_2019_2022.parquet,OK,
m07_combined_intraday_2019_2022_master.csv,Regime-LSTM-A,mae,5.808740769479608e-05,5.808740769479608e-05,0.0,0.0,m05_regime_dl_intraday_2019_2022.parquet,OK,
m07_combined_intraday_2019_2022_master.csv,Regime-LSTM-A,qlike,0.2632089645698732,0.26320896456987325,5.551115123125783e-17,2.10901446012571e-16,m05_regime_dl_intraday_2019_2022.parquet,OK,
m07_combined_intraday_2019_2022_master.csv,LSTM-Gaussian,n,784.0,784.0,0.0,0.0,m06_uq_intraday_2019_2022.parquet,OK,
m07_combined_intraday_2019_2022_master.csv,LSTM-Gaussian,mse,4.4849336176077776e-08,4.4849336176077776e-08,0.0,0.0,m06_uq_intraday_2019_2022.parquet,OK,
m07_combined_intraday_2019_2022_master.csv,LSTM-Gaussian,mae,5.86277324105918e-05,5.86277324105918e-05,0.0,0.0,m06_uq_intraday_2019_2022.parquet,OK,
m07_combined_intraday_2019_2022_master.csv,LSTM-Gaussian,qlike,0.2650185870558635,0.2650185870558635,0.0,0.0,m06_uq_intraday_2019_2022.parquet,OK,
m07_combined_intraday_2019_2022_master.csv,LSTM,n,784.0,784.0,0.0,0.0,m03_lstm_intraday_2019_2022.parquet,OK,
m07_combined_intraday_2019_2022_master.csv,LSTM,mse,4.4849348142240164e-08,4.484934814224016e-08,6.617444900424222e-24,1.4754829611875133e-16,m03_lstm_intraday_2019_2022.parquet,OK,
m07_combined_intraday_2019_2022_master.csv,LSTM,mae,5.862772884378922e-05,5.862772884378922e-05,0.0,0.0,m03_lstm_intraday_2019_2022.parquet,OK,
m07_combined_intraday_2019_2022_master.csv,LSTM,qlike,0.2650186360787922,0.2650186360787922,0.0,0.0,m03_lstm_intraday_2019_2022.parquet,OK,
m07_combined_intraday_2019_2022_master.csv,MC-Dropout-LSTM,n,784.0,784.0,0.0,0.0,m06_uq_intraday_2019_2022.parquet,OK,
m07_combined_intraday_2019_2022_master.csv,MC-Dropout-LSTM,mse,4.493871032588725e-08,4.4938710325887254e-08,6.617444900424222e-24,1.4725489121596347e-16,m06_uq_intraday_2019_2022.parquet,OK,
m07_combined_intraday_2019_2022_master.csv,MC-Dropout-LSTM,mae,5.87385936433634e-05,5.8738593643363395e-05,6.776263578034403e-21,1.1536305447108743e-16,m06_uq_intraday_2019_2022.parquet,OK,
m07_combined_intraday_2019_2022_master.csv,MC-Dropout-LSTM,qlike,0.2652326543218103,0.2652326543218103,0.0,0.0,m06_uq_intraday_2019_2022.parquet,OK,
m07_combined_intraday_2019_2022_master.csv,Quantile-LSTM-mean,-,,,,,"m07_combined_intraday_2019_2022, m02_intraday_2019_2022, m03_lstm_intraday_2019_2022, m04_regimes_intraday_2019_2022, m05_regime_dl_intraday_2019_2022, m06_uq_intraday_2019_2022",SKIP,"derived row: the quantile head's own forecast retransformed to the mean scale, not a persisted series"
m07_combined_intraday_2019_2022_master.csv,HAR-RV,n,784.0,784.0,0.0,0.0,m02_intraday_2019_2022.parquet,OK,
m07_combined_intraday_2019_2022_master.csv,HAR-RV,mse,4.176329944537388e-08,4.1763299445373875e-08,6.617444900424222e-24,1.5845119969699221e-16,m02_intraday_2019_2022.parquet,OK,
m07_combined_intraday_2019_2022_master.csv,HAR-RV,mae,6.046388729685261e-05,6.046388729685261e-05,0.0,0.0,m02_intraday_2019_2022.parquet,OK,
m07_combined_intraday_2019_2022_master.csv,HAR-RV,qlike,0.2744895722052716,0.2744895722052716,0.0,0.0,m02_intraday_2019_2022.parquet,OK,
m07_combined_intraday_2019_2022_master.csv,Quantile-LSTM,n,784.0,784.0,0.0,0.0,m06_uq_intraday_2019_2022.parquet,OK,
m07_combined_intraday_2019_2022_master.csv,Quantile-LSTM,mse,5.1312697241036166e-08,5.1312697241036166e-08,0.0,0.0,m06_uq_intraday_2019_2022.parquet,OK,
m07_combined_intraday_2019_2022_master.csv,Quantile-LSTM,mae,5.7297596703954026e-05,5.7297596703954026e-05,0.0,0.0,m06_uq_intraday_2019_2022.parquet,OK,
m07_combined_intraday_2019_2022_master.csv,Quantile-LSTM,qlike,0.3216466868446237,0.3216466868446237,0.0,0.0,m06_uq_intraday_2019_2022.parquet,OK,
m07_combined_intraday_2019_2022_master.csv,GARCH,n,784.0,784.0,0.0,0.0,m02_intraday_2019_2022.parquet,OK,
m07_combined_intraday_2019_2022_master.csv,GARCH,mse,5.6251003065953535e-08,5.6251003065953535e-08,0.0,0.0,m02_intraday_2019_2022.parquet,OK,
m07_combined_intraday_2019_2022_master.csv,GARCH,mae,7.171748128341523e-05,7.171748128341523e-05,0.0,0.0,m02_intraday_2019_2022.parquet,OK,
m07_combined_intraday_2019_2022_master.csv,GARCH,qlike,0.3301714255327858,0.33017142553278583,5.551115123125783e-17,1.6812827197775056e-16,m02_intraday_2019_2022.parquet,OK,
m07_combined_intraday_2019_2022_master.csv,EGARCH,n,784.0,784.0,0.0,0.0,m02_intraday_2019_2022.parquet,OK,
m07_combined_intraday_2019_2022_master.csv,EGARCH,mse,5.665607030845293e-08,5.665607030845292e-08,6.617444900424222e-24,1.1680028043591504e-16,m02_intraday_2019_2022.parquet,OK,
m07_combined_intraday_2019_2022_master.csv,EGARCH,mae,6.901579848824777e-05,6.901579848824777e-05,0.0,0.0,m02_intraday_2019_2022.parquet,OK,
m07_combined_intraday_2019_2022_master.csv,EGARCH,qlike,0.3327506405309858,0.33275064053098585,5.551115123125783e-17,1.6682507700864553e-16,m02_intraday_2019_2022.parquet,OK,
m07_combined_intraday_2019_2022_master.csv,RW-RV,n,784.0,784.0,0.0,0.0,m02_intraday_2019_2022.parquet,OK,
m07_combined_intraday_2019_2022_master.csv,RW-RV,mse,5.2838285975715815e-08,5.283828597571581e-08,6.617444900424222e-24,1.2523958296954529e-16,m02_intraday_2019_2022.parquet,OK,
m07_combined_intraday_2019_2022_master.csv,RW-RV,mae,6.578935497975982e-05,6.578935497975982e-05,0.0,0.0,m02_intraday_2019_2022.parquet,OK,
m07_combined_intraday_2019_2022_master.csv,RW-RV,qlike,0.3584319726638106,0.3584319726638106,0.0,0.0,m02_intraday_2019_2022.parquet,OK,
m06_uq_intraday_2019_2022_calibration.csv,Quantile-LSTM@90,n,784.0,784.0,0.0,0.0,m06_uq_intraday_2019_2022.parquet,OK,
m06_uq_intraday_2019_2022_calibration.csv,Quantile-LSTM@90,picp,0.8214285714285714,0.8214285714285714,0.0,0.0,m06_uq_intraday_2019_2022.parquet,OK,
m06_uq_intraday_2019_2022_calibration.csv,Quantile-LSTM@90,mpiw,0.000159823104893,0.00015982310489303527,3.526367566009103e-17,2.2064191334350382e-13,m06_uq_intraday_2019_2022.parquet,OK,
m06_uq_intraday_2019_2022_calibration.csv,Quantile-LSTM@90,winkler,0.0004317449249621,0.0004317449249621919,9.18861341181465e-17,2.1282504739624345e-13,m06_uq_intraday_2019_2022.parquet,OK,
m06_uq_intraday_2019_2022_calibration.csv,Quantile-LSTM@90,coverage_error,-0.0785714285714285,-0.07857142857142851,1.3877787807814457e-17,1.7662639028127507e-16,m06_uq_intraday_2019_2022.parquet,OK,
m06_uq_intraday_2019_2022_calibration.csv,LSTM-Gaussian@90,n,784.0,784.0,0.0,0.0,m06_uq_intraday_2019_2022.parquet,OK,
m06_uq_intraday_2019_2022_calibration.csv,LSTM-Gaussian@90,picp,0.8635204081632653,0.8635204081632653,0.0,0.0,m06_uq_intraday_2019_2022.parquet,OK,
m06_uq_intraday_2019_2022_calibration.csv,LSTM-Gaussian@90,mpiw,0.0001801455974591,0.00018014559745913475,3.474867962816042e-17,1.9289219452642859e-13,m06_uq_intraday_2019_2022.parquet,OK,
m06_uq_intraday_2019_2022_calibration.csv,LSTM-Gaussian@90,winkler,0.0004197712177206,0.0004197712177206501,5.0090140368830305e-17,1.1932723887270027e-13,m06_uq_intraday_2019_2022.parquet,OK,
m06_uq_intraday_2019_2022_calibration.csv,LSTM-Gaussian@90,coverage_error,-0.0364795918367347,-0.03647959183673477,6.938893903907228e-17,1.902130356875268e-15,m06_uq_intraday_2019_2022.parquet,OK,
m06_uq_intraday_2019_2022_calibration.csv,MC-Dropout-LSTM@90,n,784.0,784.0,0.0,0.0,m06_uq_intraday_2019_2022.parquet,OK,
m06_uq_intraday_2019_2022_calibration.csv,MC-Dropout-LSTM@90,picp,0.8647959183673469,0.8647959183673469,0.0,0.0,m06_uq_intraday_2019_2022.parquet,OK,
m06_uq_intraday_2019_2022_calibration.csv,MC-Dropout-LSTM@90,mpiw,0.0001817849247514,0.0001817849247514657,6.570265165262157e-17,3.61430694775561e-13,m06_uq_intraday_2019_2022.parquet,OK,
m06_uq_intraday_2019_2022_calibration.csv,MC-Dropout-LSTM@90,winkler,0.0004199250926137,0.00041992509261372943,2.9436088982981445e-17,7.009842826911148e-14,m06_uq_intraday_2019_2022.parquet,OK,
m06_uq_intraday_2019_2022_calibration.csv,MC-Dropout-LSTM@90,coverage_error,-0.035204081632653,-0.035204081632653095,9.71445146547012e-17,2.7594673728002128e-15,m06_uq_intraday_2019_2022.parquet,OK,
m06_uq_intraday_2019_2022_calibration.csv,LSTM-Gaussian@95,n,784.0,784.0,0.0,0.0,m06_uq_intraday_2019_2022.parquet,OK,
m06_uq_intraday_2019_2022_calibration.csv,LSTM-Gaussian@95,picp,0.9196428571428572,0.9196428571428571,1.1102230246251565e-16,1.2072328034758983e-16,m06_uq_intraday_2019_2022.parquet,OK,
m06_uq_intraday_2019_2022_calibration.csv,LSTM-Gaussian@95,mpiw,0.0002286939057947,0.0002286939057947365,3.651050815844936e-17,1.5964792779054236e-13,m06_uq_intraday_2019_2022.parquet,OK,
m06_uq_intraday_2019_2022_calibration.csv,LSTM-Gaussian@95,winkler,0.0005659757386201,0.0005659757386201123,1.22514845490862e-17,2.1646660294938482e-14,m06_uq_intraday_2019_2022.parquet,OK,
m06_uq_intraday_2019_2022_calibration.csv,LSTM-Gaussian@95,coverage_error,-0.0303571428571428,-0.03035714285714286,5.898059818321144e-17,1.9428902930940275e-15,m06_uq_intraday_2019_2022.parquet,OK,
m06_uq_intraday_2019_2022_calibration.csv,MC-Dropout-LSTM@95,n,784.0,784.0,0.0,0.0,m06_uq_intraday_2019_2022.parquet,OK,
m06_uq_intraday_2019_2022_calibration.csv,MC-Dropout-LSTM@95,picp,0.9196428571428572,0.9196428571428571,1.1102230246251565e-16,1.2072328034758983e-16,m06_uq_intraday_2019_2022.parquet,OK,
m06_uq_intraday_2019_2022_calibration.csv,MC-Dropout-LSTM@95,mpiw,0.0002309786037318,0.0002309786037318543,5.4291423787211635e-17,2.350495799613194e-13,m06_uq_intraday_2019_2022.parquet,OK,
m06_uq_intraday_2019_2022_calibration.csv,MC-Dropout-LSTM@95,winkler,0.0005634331287066,0.0005634331287066297,2.970713952610282e-17,5.272522685042967e-14,m06_uq_intraday_2019_2022.parquet,OK,
m06_uq_intraday_2019_2022_calibration.csv,MC-Dropout-LSTM@95,coverage_error,-0.0303571428571428,-0.03035714285714286,5.898059818321144e-17,1.9428902930940275e-15,m06_uq_intraday_2019_2022.parquet,OK,
m06_uq_intraday_2019_2022_hmm_calibration.csv,Quantile-LSTM@90,n,784.0,784.0,0.0,0.0,m06_uq_intraday_2019_2022_hmm.parquet,OK,
m06_uq_intraday_2019_2022_hmm_calibration.csv,Quantile-LSTM@90,picp,0.8214285714285714,0.8214285714285714,0.0,0.0,m06_uq_intraday_2019_2022_hmm.parquet,OK,
m06_uq_intraday_2019_2022_hmm_calibration.csv,Quantile-LSTM@90,mpiw,0.000159823104893,0.00015982310489303527,3.526367566009103e-17,2.2064191334350382e-13,m06_uq_intraday_2019_2022_hmm.parquet,OK,
m06_uq_intraday_2019_2022_hmm_calibration.csv,Quantile-LSTM@90,winkler,0.0004317449249621,0.0004317449249621919,9.18861341181465e-17,2.1282504739624345e-13,m06_uq_intraday_2019_2022_hmm.parquet,OK,
m06_uq_intraday_2019_2022_hmm_calibration.csv,Quantile-LSTM@90,coverage_error,-0.0785714285714285,-0.07857142857142851,1.3877787807814457e-17,1.7662639028127507e-16,m06_uq_intraday_2019_2022_hmm.parquet,OK,
m06_uq_intraday_2019_2022_hmm_calibration.csv,LSTM-Gaussian@90,n,784.0,784.0,0.0,0.0,m06_uq_intraday_2019_2022_hmm.parquet,OK,
m06_uq_intraday_2019_2022_hmm_calibration.csv,LSTM-Gaussian@90,picp,0.8635204081632653,0.8635204081632653,0.0,0.0,m06_uq_intraday_2019_2022_hmm.parquet,OK,
m06_uq_intraday_2019_2022_hmm_calibration.csv,LSTM-Gaussian@90,mpiw,0.0001801455974591,0.00018014559745913475,3.474867962816042e-17,1.9289219452642859e-13,m06_uq_intraday_2019_2022_hmm.parquet,OK,
m06_uq_intraday_2019_2022_hmm_calibration.csv,LSTM-Gaussian@90,winkler,0.0004197712177206,0.0004197712177206501,5.0090140368830305e-17,1.1932723887270027e-13,m06_uq_intraday_2019_2022_hmm.parquet,OK,
m06_uq_intraday_2019_2022_hmm_calibration.csv,LSTM-Gaussian@90,coverage_error,-0.0364795918367347,-0.03647959183673477,6.938893903907228e-17,1.902130356875268e-15,m06_uq_intraday_2019_2022_hmm.parquet,OK,
m06_uq_intraday_2019_2022_hmm_calibration.csv,MC-Dropout-LSTM@90,n,784.0,784.0,0.0,0.0,m06_uq_intraday_2019_2022_hmm.parquet,OK,
m06_uq_intraday_2019_2022_hmm_calibration.csv,MC-Dropout-LSTM@90,picp,0.8647959183673469,0.8647959183673469,0.0,0.0,m06_uq_intraday_2019_2022_hmm.parquet,OK,
m06_uq_intraday_2019_2022_hmm_calibration.csv,MC-Dropout-LSTM@90,mpiw,0.0001817849247514,0.0001817849247514657,6.570265165262157e-17,3.61430694775561e-13,m06_uq_intraday_2019_2022_hmm.parquet,OK,
m06_uq_intraday_2019_2022_hmm_calibration.csv,MC-Dropout-LSTM@90,winkler,0.0004199250926137,0.00041992509261372943,2.9436088982981445e-17,7.009842826911148e-14,m06_uq_intraday_2019_2022_hmm.parquet,OK,
m06_uq_intraday_2019_2022_hmm_calibration.csv,MC-Dropout-LSTM@90,coverage_error,-0.035204081632653,-0.035204081632653095,9.71445146547012e-17,2.7594673728002128e-15,m06_uq_intraday_2019_2022_hmm.parquet,OK,
m06_uq_intraday_2019_2022_hmm_calibration.csv,LSTM-Gaussian@95,n,784.0,784.0,0.0,0.0,m06_uq_intraday_2019_2022_hmm.parquet,OK,
m06_uq_intraday_2019_2022_hmm_calibration.csv,LSTM-Gaussian@95,picp,0.9196428571428572,0.9196428571428571,1.1102230246251565e-16,1.2072328034758983e-16,m06_uq_intraday_2019_2022_hmm.parquet,OK,
m06_uq_intraday_2019_2022_hmm_calibration.csv,LSTM-Gaussian@95,mpiw,0.0002286939057947,0.0002286939057947365,3.651050815844936e-17,1.5964792779054236e-13,m06_uq_intraday_2019_2022_hmm.parquet,OK,
m06_uq_intraday_2019_2022_hmm_calibration.csv,LSTM-Gaussian@95,winkler,0.0005659757386201,0.0005659757386201123,1.22514845490862e-17,2.1646660294938482e-14,m06_uq_intraday_2019_2022_hmm.parquet,OK,
m06_uq_intraday_2019_2022_hmm_calibration.csv,LSTM-Gaussian@95,coverage_error,-0.0303571428571428,-0.03035714285714286,5.898059818321144e-17,1.9428902930940275e-15,m06_uq_intraday_2019_2022_hmm.parquet,OK,
m06_uq_intraday_2019_2022_hmm_calibration.csv,MC-Dropout-LSTM@95,n,784.0,784.0,0.0,0.0,m06_uq_intraday_2019_2022_hmm.parquet,OK,
m06_uq_intraday_2019_2022_hmm_calibration.csv,MC-Dropout-LSTM@95,picp,0.9196428571428572,0.9196428571428571,1.1102230246251565e-16,1.2072328034758983e-16,m06_uq_intraday_2019_2022_hmm.parquet,OK,
m06_uq_intraday_2019_2022_hmm_calibration.csv,MC-Dropout-LSTM@95,mpiw,0.0002309786037318,0.0002309786037318543,5.4291423787211635e-17,2.350495799613194e-13,m06_uq_intraday_2019_2022_hmm.parquet,OK,
m06_uq_intraday_2019_2022_hmm_calibration.csv,MC-Dropout-LSTM@95,winkler,0.0005634331287066,0.0005634331287066297,2.970713952610282e-17,5.272522685042967e-14,m06_uq_intraday_2019_2022_hmm.parquet,OK,
m06_uq_intraday_2019_2022_hmm_calibration.csv,MC-Dropout-LSTM@95,coverage_error,-0.0303571428571428,-0.03035714285714286,5.898059818321144e-17,1.9428902930940275e-15,m06_uq_intraday_2019_2022_hmm.parquet,OK,
m07_combined_intraday_2019_2022_calibration.csv,LSTM-Gaussian@90,n,784.0,784.0,0.0,0.0,m06_uq_intraday_2019_2022.parquet,OK,
m07_combined_intraday_2019_2022_calibration.csv,LSTM-Gaussian@90,picp,0.8635204081632653,0.8635204081632653,0.0,0.0,m06_uq_intraday_2019_2022.parquet,OK,
m07_combined_intraday_2019_2022_calibration.csv,LSTM-Gaussian@90,mpiw,0.0001801455974591,0.00018014559745913475,3.474867962816042e-17,1.9289219452642859e-13,m06_uq_intraday_2019_2022.parquet,OK,
m07_combined_intraday_2019_2022_calibration.csv,LSTM-Gaussian@90,winkler,0.0004197712177206,0.0004197712177206501,5.0090140368830305e-17,1.1932723887270027e-13,m06_uq_intraday_2019_2022.parquet,OK,
m07_combined_intraday_2019_2022_calibration.csv,LSTM-Gaussian@90,coverage_error,-0.0364795918367347,-0.03647959183673477,6.938893903907228e-17,1.902130356875268e-15,m06_uq_intraday_2019_2022.parquet,OK,
m07_combined_intraday_2019_2022_calibration.csv,MC-Dropout-LSTM@90,n,784.0,784.0,0.0,0.0,m06_uq_intraday_2019_2022.parquet,OK,
m07_combined_intraday_2019_2022_calibration.csv,MC-Dropout-LSTM@90,picp,0.8647959183673469,0.8647959183673469,0.0,0.0,m06_uq_intraday_2019_2022.parquet,OK,
m07_combined_intraday_2019_2022_calibration.csv,MC-Dropout-LSTM@90,mpiw,0.0001817849247514,0.0001817849247514657,6.570265165262157e-17,3.61430694775561e-13,m06_uq_intraday_2019_2022.parquet,OK,
m07_combined_intraday_2019_2022_calibration.csv,MC-Dropout-LSTM@90,winkler,0.0004199250926137,0.00041992509261372943,2.9436088982981445e-17,7.009842826911148e-14,m06_uq_intraday_2019_2022.parquet,OK,
m07_combined_intraday_2019_2022_calibration.csv,MC-Dropout-LSTM@90,coverage_error,-0.035204081632653,-0.035204081632653095,9.71445146547012e-17,2.7594673728002128e-15,m06_uq_intraday_2019_2022.parquet,OK,
m07_combined_intraday_2019_2022_calibration.csv,MC-Dropout-Regime-LSTM-B@90,n,784.0,784.0,0.0,0.0,m07_combined_intraday_2019_2022.parquet,OK,
m07_combined_intraday_2019_2022_calibration.csv,MC-Dropout-Regime-LSTM-B@90,picp,0.8660714285714286,0.8660714285714286,0.0,0.0,m07_combined_intraday_2019_2022.parquet,OK,
m07_combined_intraday_2019_2022_calibration.csv,MC-Dropout-Regime-LSTM-B@90,mpiw,0.0001785985956998,0.00017859859569988184,8.183015896834345e-17,4.581791847114455e-13,m07_combined_intraday_2019_2022.parquet,OK,
m07_combined_intraday_2019_2022_calibration.csv,MC-Dropout-Regime-LSTM-B@90,winkler,0.0004094530650035,0.00040945306500355776,5.778797579347739e-17,1.411345541960552e-13,m07_combined_intraday_2019_2022.parquet,OK,
m07_combined_intraday_2019_2022_calibration.csv,MC-Dropout-Regime-LSTM-B@90,coverage_error,-0.0339285714285714,-0.03392857142857142,2.0816681711721685e-17,6.135443030823239e-16,m07_combined_intraday_2019_2022.parquet,OK,
m07_combined_intraday_2019_2022_calibration.csv,Quantile-LSTM@90,n,784.0,784.0,0.0,0.0,m06_uq_intraday_2019_2022.parquet,OK,
m07_combined_intraday_2019_2022_calibration.csv,Quantile-LSTM@90,picp,0.8214285714285714,0.8214285714285714,0.0,0.0,m06_uq_intraday_2019_2022.parquet,OK,
m07_combined_intraday_2019_2022_calibration.csv,Quantile-LSTM@90,mpiw,0.000159823104893,0.00015982310489303527,3.526367566009103e-17,2.2064191334350382e-13,m06_uq_intraday_2019_2022.parquet,OK,
m07_combined_intraday_2019_2022_calibration.csv,Quantile-LSTM@90,winkler,0.0004317449249621,0.0004317449249621922,9.221139476989215e-17,2.1357841039587616e-13,m06_uq_intraday_2019_2022.parquet,OK,
m07_combined_intraday_2019_2022_calibration.csv,Quantile-LSTM@90,coverage_error,-0.0785714285714286,-0.07857142857142863,2.7755575615628914e-17,3.532527805625497e-16,m06_uq_intraday_2019_2022.parquet,OK,
m07_combined_intraday_2019_2022_calibration.csv,LSTM-Gaussian@95,n,784.0,784.0,0.0,0.0,m06_uq_intraday_2019_2022.parquet,OK,
m07_combined_intraday_2019_2022_calibration.csv,LSTM-Gaussian@95,picp,0.9196428571428572,0.9196428571428571,1.1102230246251565e-16,1.2072328034758983e-16,m06_uq_intraday_2019_2022.parquet,OK,
m07_combined_intraday_2019_2022_calibration.csv,LSTM-Gaussian@95,mpiw,0.0002286939057947,0.0002286939057947365,3.651050815844936e-17,1.5964792779054236e-13,m06_uq_intraday_2019_2022.parquet,OK,
m07_combined_intraday_2019_2022_calibration.csv,LSTM-Gaussian@95,winkler,0.0005659757386201,0.0005659757386201123,1.22514845490862e-17,2.1646660294938482e-14,m06_uq_intraday_2019_2022.parquet,OK,
m07_combined_intraday_2019_2022_calibration.csv,LSTM-Gaussian@95,coverage_error,-0.0303571428571428,-0.03035714285714286,5.898059818321144e-17,1.9428902930940275e-15,m06_uq_intraday_2019_2022.parquet,OK,
m07_combined_intraday_2019_2022_calibration.csv,MC-Dropout-LSTM@95,n,784.0,784.0,0.0,0.0,m06_uq_intraday_2019_2022.parquet,OK,
m07_combined_intraday_2019_2022_calibration.csv,MC-Dropout-LSTM@95,picp,0.9196428571428572,0.9196428571428571,1.1102230246251565e-16,1.2072328034758983e-16,m06_uq_intraday_2019_2022.parquet,OK,
m07_combined_intraday_2019_2022_calibration.csv,MC-Dropout-LSTM@95,mpiw,0.0002309786037318,0.0002309786037318543,5.4291423787211635e-17,2.350495799613194e-13,m06_uq_intraday_2019_2022.parquet,OK,
m07_combined_intraday_2019_2022_calibration.csv,MC-Dropout-LSTM@95,winkler,0.0005634331287066,0.0005634331287066297,2.970713952610282e-17,5.272522685042967e-14,m06_uq_intraday_2019_2022.parquet,OK,
m07_combined_intraday_2019_2022_calibration.csv,MC-Dropout-LSTM@95,coverage_error,-0.0303571428571428,-0.03035714285714286,5.898059818321144e-17,1.9428902930940275e-15,m06_uq_intraday_2019_2022.parquet,OK,
m07_combined_intraday_2019_2022_calibration.csv,MC-Dropout-Regime-LSTM-B@95,n,784.0,784.0,0.0,0.0,m07_combined_intraday_2019_2022.parquet,OK,
m07_combined_intraday_2019_2022_calibration.csv,MC-Dropout-Regime-LSTM-B@95,picp,0.923469387755102,0.923469387755102,0.0,0.0,m07_combined_intraday_2019_2022.parquet,OK,
m07_combined_intraday_2019_2022_calibration.csv,MC-Dropout-Regime-LSTM-B@95,mpiw,0.0002267749407644,0.00022677494076442603,2.6020852139652106e-17,1.1474306663665088e-13,m07_combined_intraday_2019_2022.parquet,OK,
m07_combined_intraday_2019_2022_calibration.csv,MC-Dropout-Regime-LSTM-B@95,winkler,0.0005505403041242,0.000550540304124246,4.607859233063394e-17,8.369703722951911e-14,m07_combined_intraday_2019_2022.parquet,OK,
m07_combined_intraday_2019_2022_calibration.csv,MC-Dropout-Regime-LSTM-B@95,coverage_error,-0.0265306122448979,-0.026530612244897944,4.5102810375396984e-17,1.7000290064572749e-15,m07_combined_intraday_2019_2022.parquet,OK,
m07_combined_intraday_2019_2022_hmm_calibration.csv,LSTM-Gaussian@90,n,784.0,784.0,0.0,0.0,m06_uq_intraday_2019_2022_hmm.parquet,OK,
m07_combined_intraday_2019_2022_hmm_calibration.csv,LSTM-Gaussian@90,picp,0.8635204081632653,0.8635204081632653,0.0,0.0,m06_uq_intraday_2019_2022_hmm.parquet,OK,
m07_combined_intraday_2019_2022_hmm_calibration.csv,LSTM-Gaussian@90,mpiw,0.0001801455974591,0.00018014559745913475,3.474867962816042e-17,1.9289219452642859e-13,m06_uq_intraday_2019_2022_hmm.parquet,OK,
m07_combined_intraday_2019_2022_hmm_calibration.csv,LSTM-Gaussian@90,winkler,0.0004197712177206,0.0004197712177206501,5.0090140368830305e-17,1.1932723887270027e-13,m06_uq_intraday_2019_2022_hmm.parquet,OK,
m07_combined_intraday_2019_2022_hmm_calibration.csv,LSTM-Gaussian@90,coverage_error,-0.0364795918367347,-0.03647959183673477,6.938893903907228e-17,1.902130356875268e-15,m06_uq_intraday_2019_2022_hmm.parquet,OK,
m07_combined_intraday_2019_2022_hmm_calibration.csv,MC-Dropout-LSTM@90,n,784.0,784.0,0.0,0.0,m06_uq_intraday_2019_2022_hmm.parquet,OK,
m07_combined_intraday_2019_2022_hmm_calibration.csv,MC-Dropout-LSTM@90,picp,0.8647959183673469,0.8647959183673469,0.0,0.0,m06_uq_intraday_2019_2022_hmm.parquet,OK,
m07_combined_intraday_2019_2022_hmm_calibration.csv,MC-Dropout-LSTM@90,mpiw,0.0001817849247514,0.0001817849247514657,6.570265165262157e-17,3.61430694775561e-13,m06_uq_intraday_2019_2022_hmm.parquet,OK,
m07_combined_intraday_2019_2022_hmm_calibration.csv,MC-Dropout-LSTM@90,winkler,0.0004199250926137,0.00041992509261372943,2.9436088982981445e-17,7.009842826911148e-14,m06_uq_intraday_2019_2022_hmm.parquet,OK,
m07_combined_intraday_2019_2022_hmm_calibration.csv,MC-Dropout-LSTM@90,coverage_error,-0.035204081632653,-0.035204081632653095,9.71445146547012e-17,2.7594673728002128e-15,m06_uq_intraday_2019_2022_hmm.parquet,OK,
m07_combined_intraday_2019_2022_hmm_calibration.csv,MC-Dropout-Regime-LSTM-B@90,n,784.0,784.0,0.0,0.0,m07_combined_intraday_2019_2022_hmm.parquet,OK,
m07_combined_intraday_2019_2022_hmm_calibration.csv,MC-Dropout-Regime-LSTM-B@90,picp,0.8622448979591837,0.8622448979591837,0.0,0.0,m07_combined_intraday_2019_2022_hmm.parquet,OK,
m07_combined_intraday_2019_2022_hmm_calibration.csv,MC-Dropout-Regime-LSTM-B@90,mpiw,0.0001804382880119,0.00018043828801198757,8.757643048251662e-17,4.853539204314603e-13,m07_combined_intraday_2019_2022_hmm.parquet,OK,
m07_combined_intraday_2019_2022_hmm_calibration.csv,MC-Dropout-Regime-LSTM-B@90,winkler,0.0003992883639395,0.00039928836393957897,7.8984128265569e-17,1.9781224648343782e-13,m07_combined_intraday_2019_2022_hmm.parquet,OK,
m07_combined_intraday_2019_2022_hmm_calibration.csv,MC-Dropout-Regime-LSTM-B@90,coverage_error,-0.0377551020408163,-0.037755102040816335,3.469446951953614e-17,9.18934598085012e-16,m07_combined_intraday_2019_2022_hmm.parquet,OK,
m07_combined_intraday_2019_2022_hmm_calibration.csv,Quantile-LSTM@90,n,784.0,784.0,0.0,0.0,m06_uq_intraday_2019_2022_hmm.parquet,OK,
m07_combined_intraday_2019_2022_hmm_calibration.csv,Quantile-LSTM@90,picp,0.8214285714285714,0.8214285714285714,0.0,0.0,m06_uq_intraday_2019_2022_hmm.parquet,OK,
m07_combined_intraday_2019_2022_hmm_calibration.csv,Quantile-LSTM@90,mpiw,0.000159823104893,0.00015982310489303527,3.526367566009103e-17,2.2064191334350382e-13,m06_uq_intraday_2019_2022_hmm.parquet,OK,
m07_combined_intraday_2019_2022_hmm_calibration.csv,Quantile-LSTM@90,winkler,0.0004317449249621,0.0004317449249621922,9.221139476989215e-17,2.1357841039587616e-13,m06_uq_intraday_2019_2022_hmm.parquet,OK,
m07_combined_intraday_2019_2022_hmm_calibration.csv,Quantile-LSTM@90,coverage_error,-0.0785714285714286,-0.07857142857142863,2.7755575615628914e-17,3.532527805625497e-16,m06_uq_intraday_2019_2022_hmm.parquet,OK,
m07_combined_intraday_2019_2022_hmm_calibration.csv,LSTM-Gaussian@95,n,784.0,784.0,0.0,0.0,m06_uq_intraday_2019_2022_hmm.parquet,OK,
m07_combined_intraday_2019_2022_hmm_calibration.csv,LSTM-Gaussian@95,picp,0.9196428571428572,0.9196428571428571,1.1102230246251565e-16,1.2072328034758983e-16,m06_uq_intraday_2019_2022_hmm.parquet,OK,
m07_combined_intraday_2019_2022_hmm_calibration.csv,LSTM-Gaussian@95,mpiw,0.0002286939057947,0.0002286939057947365,3.651050815844936e-17,1.5964792779054236e-13,m06_uq_intraday_2019_2022_hmm.parquet,OK,
m07_combined_intraday_2019_2022_hmm_calibration.csv,LSTM-Gaussian@95,winkler,0.0005659757386201,0.0005659757386201123,1.22514845490862e-17,2.1646660294938482e-14,m06_uq_intraday_2019_2022_hmm.parquet,OK,
m07_combined_intraday_2019_2022_hmm_calibration.csv,LSTM-Gaussian@95,coverage_error,-0.0303571428571428,-0.03035714285714286,5.898059818321144e-17,1.9428902930940275e-15,m06_uq_intraday_2019_2022_hmm.parquet,OK,
m07_combined_intraday_2019_2022_hmm_calibration.csv,MC-Dropout-LSTM@95,n,784.0,784.0,0.0,0.0,m06_uq_intraday_2019_2022_hmm.parquet,OK,
m07_combined_intraday_2019_2022_hmm_calibration.csv,MC-Dropout-LSTM@95,picp,0.9196428571428572,0.9196428571428571,1.1102230246251565e-16,1.2072328034758983e-16,m06_uq_intraday_2019_2022_hmm.parquet,OK,
m07_combined_intraday_2019_2022_hmm_calibration.csv,MC-Dropout-LSTM@95,mpiw,0.0002309786037318,0.0002309786037318543,5.4291423787211635e-17,2.350495799613194e-13,m06_uq_intraday_2019_2022_hmm.parquet,OK,
m07_combined_intraday_2019_2022_hmm_calibration.csv,MC-Dropout-LSTM@95,winkler,0.0005634331287066,0.0005634331287066297,2.970713952610282e-17,5.272522685042967e-14,m06_uq_intraday_2019_2022_hmm.parquet,OK,
m07_combined_intraday_2019_2022_hmm_calibration.csv,MC-Dropout-LSTM@95,coverage_error,-0.0303571428571428,-0.03035714285714286,5.898059818321144e-17,1.9428902930940275e-15,m06_uq_intraday_2019_2022_hmm.parquet,OK,
m07_combined_intraday_2019_2022_hmm_calibration.csv,MC-Dropout-Regime-LSTM-B@95,n,784.0,784.0,0.0,0.0,m07_combined_intraday_2019_2022_hmm.parquet,OK,
m07_combined_intraday_2019_2022_hmm_calibration.csv,MC-Dropout-Regime-LSTM-B@95,picp,0.9221938775510204,0.9221938775510204,0.0,0.0,m07_combined_intraday_2019_2022_hmm.parquet,OK,
m07_combined_intraday_2019_2022_hmm_calibration.csv,MC-Dropout-Regime-LSTM-B@95,mpiw,0.0002291000707823,0.0002291000707823165,1.6479873021779667e-17,7.193307695412935e-14,m07_combined_intraday_2019_2022_hmm.parquet,OK,
m07_combined_intraday_2019_2022_hmm_calibration.csv,MC-Dropout-Regime-LSTM-B@95,winkler,0.0005393947850243,0.000539394785024347,4.694595406862234e-17,8.703449749983661e-14,m07_combined_intraday_2019_2022_hmm.parquet,OK,
m07_combined_intraday_2019_2022_hmm_calibration.csv,MC-Dropout-Regime-LSTM-B@95,coverage_error,-0.0278061224489795,-0.02780612244897951,1.0408340855860843e-17,3.743183133483912e-16,m07_combined_intraday_2019_2022_hmm.parquet,OK,
m05_regime_dl_intraday_2019_2022_gw_per_regime.csv,m05_regime_dl_intraday_2019_2022/calm,n,379.0,379.0,0.0,0.0,m05_regime_dl_intraday_2019_2022.parquet x jphmm_filt_state (t-1),OK,
m05_regime_dl_intraday_2019_2022_gw_per_regime.csv,m05_regime_dl_intraday_2019_2022/calm/Regime-LSTM-A,qlike,0.3163891716490153,0.3163891716490153,0.0,0.0,m05_regime_dl_intraday_2019_2022.parquet x jphmm_filt_state (t-1),OK,
m05_regime_dl_intraday_2019_2022_gw_per_regime.csv,m05_regime_dl_intraday_2019_2022/calm/LSTM,qlike,0.3187144541239558,0.3187144541239558,0.0,0.0,m05_regime_dl_intraday_2019_2022.parquet x jphmm_filt_state (t-1),OK,
m05_regime_dl_intraday_2019_2022_gw_per_regime.csv,m05_regime_dl_intraday_2019_2022/transitional,n,329.0,329.0,0.0,0.0,m05_regime_dl_intraday_2019_2022.parquet x jphmm_filt_state (t-1),OK,
m05_regime_dl_intraday_2019_2022_gw_per_regime.csv,m05_regime_dl_intraday_2019_2022/transitional/Regime-LSTM-A,qlike,0.1945489090232934,0.19454890902329347,8.326672684688674e-17,4.2799894003475085e-16,m05_regime_dl_intraday_2019_2022.parquet x jphmm_filt_state (t-1),OK,
m05_regime_dl_intraday_2019_2022_gw_per_regime.csv,m05_regime_dl_intraday_2019_2022/transitional/LSTM,qlike,0.1920652516053699,0.1920652516053699,0.0,0.0,m05_regime_dl_intraday_2019_2022.parquet x jphmm_filt_state (t-1),OK,
m05_regime_dl_intraday_2019_2022_gw_per_regime.csv,m05_regime_dl_intraday_2019_2022/crisis,n,76.0,76.0,0.0,0.0,m05_regime_dl_intraday_2019_2022.parquet x jphmm_filt_state (t-1),OK,
m05_regime_dl_intraday_2019_2022_gw_per_regime.csv,m05_regime_dl_intraday_2019_2022/crisis/Regime-LSTM-A,qlike,0.2952334355150034,0.2952334355150034,0.0,0.0,m05_regime_dl_intraday_2019_2022.parquet x jphmm_filt_state (t-1),OK,
m05_regime_dl_intraday_2019_2022_gw_per_regime.csv,m05_regime_dl_intraday_2019_2022/crisis/LSTM,qlike,0.3130574315082516,0.31305743150825166,5.551115123125783e-17,1.7731938502087486e-16,m05_regime_dl_intraday_2019_2022.parquet x jphmm_filt_state (t-1),OK,
m05_regime_dl_intraday_2019_2022_gw_per_regime.csv,m05_regime_dl_intraday_2019_2022/calm,n,379.0,379.0,0.0,0.0,m05_regime_dl_intraday_2019_2022.parquet x jphmm_filt_state (t-1),OK,
m05_regime_dl_intraday_2019_2022_gw_per_regime.csv,m05_regime_dl_intraday_2019_2022/calm/Regime-LSTM-B,qlike,0.3171685712924969,0.3171685712924969,0.0,0.0,m05_regime_dl_intraday_2019_2022.parquet x jphmm_filt_state (t-1),OK,
m05_regime_dl_intraday_2019_2022_gw_per_regime.csv,m05_regime_dl_intraday_2019_2022/calm/LSTM,qlike,0.3187144541239558,0.3187144541239558,0.0,0.0,m05_regime_dl_intraday_2019_2022.parquet x jphmm_filt_state (t-1),OK,
m05_regime_dl_intraday_2019_2022_gw_per_regime.csv,m05_regime_dl_intraday_2019_2022/transitional,n,329.0,329.0,0.0,0.0,m05_regime_dl_intraday_2019_2022.parquet x jphmm_filt_state (t-1),OK,
m05_regime_dl_intraday_2019_2022_gw_per_regime.csv,m05_regime_dl_intraday_2019_2022/transitional/Regime-LSTM-B,qlike,0.1850590360249692,0.18505903602496926,5.551115123125783e-17,2.9996455414243026e-16,m05_regime_dl_intraday_2019_2022.parquet x jphmm_filt_state (t-1),OK,
m05_regime_dl_intraday_2019_2022_gw_per_regime.csv,m05_regime_dl_intraday_2019_2022/transitional/LSTM,qlike,0.1920652516053699,0.1920652516053699,0.0,0.0,m05_regime_dl_intraday_2019_2022.parquet x jphmm_filt_state (t-1),OK,
m05_regime_dl_intraday_2019_2022_gw_per_regime.csv,m05_regime_dl_intraday_2019_2022/crisis,n,76.0,76.0,0.0,0.0,m05_regime_dl_intraday_2019_2022.parquet x jphmm_filt_state (t-1),OK,
m05_regime_dl_intraday_2019_2022_gw_per_regime.csv,m05_regime_dl_intraday_2019_2022/crisis/Regime-LSTM-B,qlike,0.3211469906814805,0.3211469906814805,0.0,0.0,m05_regime_dl_intraday_2019_2022.parquet x jphmm_filt_state (t-1),OK,
m05_regime_dl_intraday_2019_2022_gw_per_regime.csv,m05_regime_dl_intraday_2019_2022/crisis/LSTM,qlike,0.3130574315082516,0.31305743150825166,5.551115123125783e-17,1.7731938502087486e-16,m05_regime_dl_intraday_2019_2022.parquet x jphmm_filt_state (t-1),OK,
m05_regime_dl_intraday_2019_2022_gw_per_regime.csv,m05_regime_dl_intraday_2019_2022/calm,n,379.0,379.0,0.0,0.0,m05_regime_dl_intraday_2019_2022.parquet x jphmm_filt_state (t-1),OK,
m05_regime_dl_intraday_2019_2022_gw_per_regime.csv,m05_regime_dl_intraday_2019_2022/calm/Regime-LSTM-A,qlike,0.3163891716490153,0.3163891716490153,0.0,0.0,m05_regime_dl_intraday_2019_2022.parquet x jphmm_filt_state (t-1),OK,
m05_regime_dl_intraday_2019_2022_gw_per_regime.csv,m05_regime_dl_intraday_2019_2022/calm/HAR-RV,qlike,0.3008160827635482,0.3008160827635482,0.0,0.0,m05_regime_dl_intraday_2019_2022.parquet x jphmm_filt_state (t-1),OK,
m05_regime_dl_intraday_2019_2022_gw_per_regime.csv,m05_regime_dl_intraday_2019_2022/transitional,n,329.0,329.0,0.0,0.0,m05_regime_dl_intraday_2019_2022.parquet x jphmm_filt_state (t-1),OK,
m05_regime_dl_intraday_2019_2022_gw_per_regime.csv,m05_regime_dl_intraday_2019_2022/transitional/Regime-LSTM-A,qlike,0.1945489090232934,0.19454890902329347,8.326672684688674e-17,4.2799894003475085e-16,m05_regime_dl_intraday_2019_2022.parquet x jphmm_filt_state (t-1),OK,
m05_regime_dl_intraday_2019_2022_gw_per_regime.csv,m05_regime_dl_intraday_2019_2022/transitional/HAR-RV,qlike,0.2366619760877777,0.2366619760877777,0.0,0.0,m05_regime_dl_intraday_2019_2022.parquet x jphmm_filt_state (t-1),OK,
m05_regime_dl_intraday_2019_2022_gw_per_regime.csv,m05_regime_dl_intraday_2019_2022/crisis,n,76.0,76.0,0.0,0.0,m05_regime_dl_intraday_2019_2022.parquet x jphmm_filt_state (t-1),OK,
m05_regime_dl_intraday_2019_2022_gw_per_regime.csv,m05_regime_dl_intraday_2019_2022/crisis/Regime-LSTM-A,qlike,0.2952334355150034,0.2952334355150034,0.0,0.0,m05_regime_dl_intraday_2019_2022.parquet x jphmm_filt_state (t-1),OK,
m05_regime_dl_intraday_2019_2022_gw_per_regime.csv,m05_regime_dl_intraday_2019_2022/crisis/HAR-RV,qlike,0.3069570935351224,0.30695709353512246,5.551115123125783e-17,1.8084335693941595e-16,m05_regime_dl_intraday_2019_2022.parquet x jphmm_filt_state (t-1),OK,
m05_regime_dl_intraday_2019_2022_gw_per_regime.csv,m05_regime_dl_intraday_2019_2022/calm,n,379.0,379.0,0.0,0.0,m05_regime_dl_intraday_2019_2022.parquet x jphmm_filt_state (t-1),OK,
m05_regime_dl_intraday_2019_2022_gw_per_regime.csv,m05_regime_dl_intraday_2019_2022/calm/Regime-LSTM-B,qlike,0.3171685712924969,0.3171685712924969,0.0,0.0,m05_regime_dl_intraday_2019_2022.parquet x jphmm_filt_state (t-1),OK,
m05_regime_dl_intraday_2019_2022_gw_per_regime.csv,m05_regime_dl_intraday_2019_2022/calm/HAR-RV,qlike,0.3008160827635482,0.3008160827635482,0.0,0.0,m05_regime_dl_intraday_2019_2022.parquet x jphmm_filt_state (t-1),OK,
m05_regime_dl_intraday_2019_2022_gw_per_regime.csv,m05_regime_dl_intraday_2019_2022/transitional,n,329.0,329.0,0.0,0.0,m05_regime_dl_intraday_2019_2022.parquet x jphmm_filt_state (t-1),OK,
m05_regime_dl_intraday_2019_2022_gw_per_regime.csv,m05_regime_dl_intraday_2019_2022/transitional/Regime-LSTM-B,qlike,0.1850590360249692,0.18505903602496926,5.551115123125783e-17,2.9996455414243026e-16,m05_regime_dl_intraday_2019_2022.parquet x jphmm_filt_state (t-1),OK,
m05_regime_dl_intraday_2019_2022_gw_per_regime.csv,m05_regime_dl_intraday_2019_2022/transitional/HAR-RV,qlike,0.2366619760877777,0.2366619760877777,0.0,0.0,m05_regime_dl_intraday_2019_2022.parquet x jphmm_filt_state (t-1),OK,
m05_regime_dl_intraday_2019_2022_gw_per_regime.csv,m05_regime_dl_intraday_2019_2022/crisis,n,76.0,76.0,0.0,0.0,m05_regime_dl_intraday_2019_2022.parquet x jphmm_filt_state (t-1),OK,
m05_regime_dl_intraday_2019_2022_gw_per_regime.csv,m05_regime_dl_intraday_2019_2022/crisis/Regime-LSTM-B,qlike,0.3211469906814805,0.3211469906814805,0.0,0.0,m05_regime_dl_intraday_2019_2022.parquet x jphmm_filt_state (t-1),OK,
m05_regime_dl_intraday_2019_2022_gw_per_regime.csv,m05_regime_dl_intraday_2019_2022/crisis/HAR-RV,qlike,0.3069570935351224,0.30695709353512246,5.551115123125783e-17,1.8084335693941595e-16,m05_regime_dl_intraday_2019_2022.parquet x jphmm_filt_state (t-1),OK,
m05_regime_dl_intraday_2019_2022_gw_per_regime.csv,m05_regime_dl_intraday_2019_2022/calm,n,379.0,379.0,0.0,0.0,m05_regime_dl_intraday_2019_2022.parquet x jphmm_filt_state (t-1),OK,
m05_regime_dl_intraday_2019_2022_gw_per_regime.csv,m05_regime_dl_intraday_2019_2022/calm/Regime-LSTM-A-RVonly,qlike,0.2919501421963291,0.2919501421963291,0.0,0.0,m05_regime_dl_intraday_2019_2022.parquet x jphmm_filt_state (t-1),OK,
m05_regime_dl_intraday_2019_2022_gw_per_regime.csv,m05_regime_dl_intraday_2019_2022/calm/LSTM-RVonly,qlike,0.2828909586336159,0.28289095863361596,5.551115123125783e-17,1.962280855470983e-16,m05_regime_dl_intraday_2019_2022.parquet x jphmm_filt_state (t-1),OK,
m05_regime_dl_intraday_2019_2022_gw_per_regime.csv,m05_regime_dl_intraday_2019_2022/transitional,n,329.0,329.0,0.0,0.0,m05_regime_dl_intraday_2019_2022.parquet x jphmm_filt_state (t-1),OK,
m05_regime_dl_intraday_2019_2022_gw_per_regime.csv,m05_regime_dl_intraday_2019_2022/transitional/Regime-LSTM-A-RVonly,qlike,0.2158242790512097,0.2158242790512097,0.0,0.0,m05_regime_dl_intraday_2019_2022.parquet x jphmm_filt_state (t-1),OK,
m05_regime_dl_intraday_2019_2022_gw_per_regime.csv,m05_regime_dl_intraday_2019_2022/transitional/LSTM-RVonly,qlike,0.2181777842600345,0.21817778426003456,5.551115123125783e-17,2.5443081393244437e-16,m05_regime_dl_intraday_2019_2022.parquet x jphmm_filt_state (t-1),OK,
m05_regime_dl_intraday_2019_2022_gw_per_regime.csv,m05_regime_dl_intraday_2019_2022/crisis,n,76.0,76.0,0.0,0.0,m05_regime_dl_intraday_2019_2022.parquet x jphmm_filt_state (t-1),OK,
m05_regime_dl_intraday_2019_2022_gw_per_regime.csv,m05_regime_dl_intraday_2019_2022/crisis/Regime-LSTM-A-RVonly,qlike,0.3099396197948461,0.3099396197948461,0.0,0.0,m05_regime_dl_intraday_2019_2022.parquet x jphmm_filt_state (t-1),OK,
m05_regime_dl_intraday_2019_2022_gw_per_regime.csv,m05_regime_dl_intraday_2019_2022/crisis/LSTM-RVonly,qlike,0.3231834943063936,0.32318349430639365,5.551115123125783e-17,1.7176357149796322e-16,m05_regime_dl_intraday_2019_2022.parquet x jphmm_filt_state (t-1),OK,
m05_regime_dl_intraday_2019_2022_hmm_gw_per_regime.csv,m05_regime_dl_intraday_2019_2022_hmm/calm,n,381.0,381.0,0.0,0.0,m05_regime_dl_intraday_2019_2022_hmm.parquet x hmm_filt_state (t-1),OK,
m05_regime_dl_intraday_2019_2022_hmm_gw_per_regime.csv,m05_regime_dl_intraday_2019_2022_hmm/calm/Regime-LSTM-A,qlike,0.3121954313666968,0.3121954313666968,0.0,0.0,m05_regime_dl_intraday_2019_2022_hmm.parquet x hmm_filt_state (t-1),OK,
m05_regime_dl_intraday_2019_2022_hmm_gw_per_regime.csv,m05_regime_dl_intraday_2019_2022_hmm/calm/LSTM,qlike,0.3152842517749871,0.31528425177498715,5.551115123125783e-17,1.760669964285916e-16,m05_regime_dl_intraday_2019_2022_hmm.parquet x hmm_filt_state (t-1),OK,
m05_regime_dl_intraday_2019_2022_hmm_gw_per_regime.csv,m05_regime_dl_intraday_2019_2022_hmm/transitional,n,332.0,332.0,0.0,0.0,m05_regime_dl_intraday_2019_2022_hmm.parquet x hmm_filt_state (t-1),OK,
m05_regime_dl_intraday_2019_2022_hmm_gw_per_regime.csv,m05_regime_dl_intraday_2019_2022_hmm/transitional/Regime-LSTM-A,qlike,0.2049379114654012,0.20493791146540127,8.326672684688674e-17,4.063022124676249e-16,m05_regime_dl_intraday_2019_2022_hmm.parquet x hmm_filt_state (t-1),OK,
m05_regime_dl_intraday_2019_2022_hmm_gw_per_regime.csv,m05_regime_dl_intraday_2019_2022_hmm/transitional/LSTM,qlike,0.2043275392255264,0.2043275392255264,0.0,0.0,m05_regime_dl_intraday_2019_2022_hmm.parquet x hmm_filt_state (t-1),OK,
m05_regime_dl_intraday_2019_2022_hmm_gw_per_regime.csv,m05_regime_dl_intraday_2019_2022_hmm/crisis,n,71.0,71.0,0.0,0.0,m05_regime_dl_intraday_2019_2022_hmm.parquet x hmm_filt_state (t-1),OK,
m05_regime_dl_intraday_2019_2022_hmm_gw_per_regime.csv,m05_regime_dl_intraday_2019_2022_hmm/crisis/Regime-LSTM-A,qlike,0.2667049322539286,0.2667049322539286,0.0,0.0,m05_regime_dl_intraday_2019_2022_hmm.parquet x hmm_filt_state (t-1),OK,
m05_regime_dl_intraday_2019_2022_hmm_gw_per_regime.csv,m05_regime_dl_intraday_2019_2022_hmm/crisis/LSTM,qlike,0.2790784188257495,0.2790784188257495,0.0,0.0,m05_regime_dl_intraday_2019_2022_hmm.parquet x hmm_filt_state (t-1),OK,
m05_regime_dl_intraday_2019_2022_hmm_gw_per_regime.csv,m05_regime_dl_intraday_2019_2022_hmm/calm,n,381.0,381.0,0.0,0.0,m05_regime_dl_intraday_2019_2022_hmm.parquet x hmm_filt_state (t-1),OK,
m05_regime_dl_intraday_2019_2022_hmm_gw_per_regime.csv,m05_regime_dl_intraday_2019_2022_hmm/calm/Regime-LSTM-B,qlike,0.3115528184947781,0.3115528184947781,0.0,0.0,m05_regime_dl_intraday_2019_2022_hmm.parquet x hmm_filt_state (t-1),OK,
m05_regime_dl_intraday_2019_2022_hmm_gw_per_regime.csv,m05_regime_dl_intraday_2019_2022_hmm/calm/LSTM,qlike,0.3152842517749871,0.31528425177498715,5.551115123125783e-17,1.760669964285916e-16,m05_regime_dl_intraday_2019_2022_hmm.parquet x hmm_filt_state (t-1),OK,
m05_regime_dl_intraday_2019_2022_hmm_gw_per_regime.csv,m05_regime_dl_intraday_2019_2022_hmm/transitional,n,332.0,332.0,0.0,0.0,m05_regime_dl_intraday_2019_2022_hmm.parquet x hmm_filt_state (t-1),OK,
m05_regime_dl_intraday_2019_2022_hmm_gw_per_regime.csv,m05_regime_dl_intraday_2019_2022_hmm/transitional/Regime-LSTM-B,qlike,0.1950896055997912,0.1950896055997912,0.0,0.0,m05_regime_dl_intraday_2019_2022_hmm.parquet x hmm_filt_state (t-1),OK,
m05_regime_dl_intraday_2019_2022_hmm_gw_per_regime.csv,m05_regime_dl_intraday_2019_2022_hmm/transitional/LSTM,qlike,0.2043275392255264,0.2043275392255264,0.0,0.0,m05_regime_dl_intraday_2019_2022_hmm.parquet x hmm_filt_state (t-1),OK,
m05_regime_dl_intraday_2019_2022_hmm_gw_per_regime.csv,m05_regime_dl_intraday_2019_2022_hmm/crisis,n,71.0,71.0,0.0,0.0,m05_regime_dl_intraday_2019_2022_hmm.parquet x hmm_filt_state (t-1),OK,
m05_regime_dl_intraday_2019_2022_hmm_gw_per_regime.csv,m05_regime_dl_intraday_2019_2022_hmm/crisis/Regime-LSTM-B,qlike,0.268256273454993,0.26825627345499303,5.551115123125783e-17,2.0693328255218336e-16,m05_regime_dl_intraday_2019_2022_hmm.parquet x hmm_filt_state (t-1),OK,
m05_regime_dl_intraday_2019_2022_hmm_gw_per_regime.csv,m05_regime_dl_intraday_2019_2022_hmm/crisis/LSTM,qlike,0.2790784188257495,0.2790784188257495,0.0,0.0,m05_regime_dl_intraday_2019_2022_hmm.parquet x hmm_filt_state (t-1),OK,
m05_regime_dl_intraday_2019_2022_hmm_gw_per_regime.csv,m05_regime_dl_intraday_2019_2022_hmm/calm,n,381.0,381.0,0.0,0.0,m05_regime_dl_intraday_2019_2022_hmm.parquet x hmm_filt_state (t-1),OK,
m05_regime_dl_intraday_2019_2022_hmm_gw_per_regime.csv,m05_regime_dl_intraday_2019_2022_hmm/calm/Regime-LSTM-A,qlike,0.3121954313666968,0.3121954313666968,0.0,0.0,m05_regime_dl_intraday_2019_2022_hmm.parquet x hmm_filt_state (t-1),OK,
m05_regime_dl_intraday_2019_2022_hmm_gw_per_regime.csv,m05_regime_dl_intraday_2019_2022_hmm/calm/HAR-RV,qlike,0.3034801663289879,0.3034801663289879,0.0,0.0,m05_regime_dl_intraday_2019_2022_hmm.parquet x hmm_filt_state (t-1),OK,
m05_regime_dl_intraday_2019_2022_hmm_gw_per_regime.csv,m05_regime_dl_intraday_2019_2022_hmm/transitional,n,332.0,332.0,0.0,0.0,m05_regime_dl_intraday_2019_2022_hmm.parquet x hmm_filt_state (t-1),OK,
m05_regime_dl_intraday_2019_2022_hmm_gw_per_regime.csv,m05_regime_dl_intraday_2019_2022_hmm/transitional/Regime-LSTM-A,qlike,0.2049379114654012,0.20493791146540127,8.326672684688674e-17,4.063022124676249e-16,m05_regime_dl_intraday_2019_2022_hmm.parquet x hmm_filt_state (t-1),OK,
m05_regime_dl_intraday_2019_2022_hmm_gw_per_regime.csv,m05_regime_dl_intraday_2019_2022_hmm/transitional/HAR-RV,qlike,0.2409062567336903,0.24090625673369034,5.551115123125783e-17,2.304263574715812e-16,m05_regime_dl_intraday_2019_2022_hmm.parquet x hmm_filt_state (t-1),OK,
m05_regime_dl_intraday_2019_2022_hmm_gw_per_regime.csv,m05_regime_dl_intraday_2019_2022_hmm/crisis,n,71.0,71.0,0.0,0.0,m05_regime_dl_intraday_2019_2022_hmm.parquet x hmm_filt_state (t-1),OK,
m05_regime_dl_intraday_2019_2022_hmm_gw_per_regime.csv,m05_regime_dl_intraday_2019_2022_hmm/crisis/Regime-LSTM-A,qlike,0.2667049322539286,0.2667049322539286,0.0,0.0,m05_regime_dl_intraday_2019_2022_hmm.parquet x hmm_filt_state (t-1),OK,
m05_regime_dl_intraday_2019_2022_hmm_gw_per_regime.csv,m05_regime_dl_intraday_2019_2022_hmm/crisis/HAR-RV,qlike,0.2759578028451177,0.27595780284511773,5.551115123125783e-17,2.0115811424405949e-16,m05_regime_dl_intraday_2019_2022_hmm.parquet x hmm_filt_state (t-1),OK,
m05_regime_dl_intraday_2019_2022_hmm_gw_per_regime.csv,m05_regime_dl_intraday_2019_2022_hmm/calm,n,381.0,381.0,0.0,0.0,m05_regime_dl_intraday_2019_2022_hmm.parquet x hmm_filt_state (t-1),OK,
m05_regime_dl_intraday_2019_2022_hmm_gw_per_regime.csv,m05_regime_dl_intraday_2019_2022_hmm/calm/Regime-LSTM-B,qlike,0.3115528184947781,0.3115528184947781,0.0,0.0,m05_regime_dl_intraday_2019_2022_hmm.parquet x hmm_filt_state (t-1),OK,
m05_regime_dl_intraday_2019_2022_hmm_gw_per_regime.csv,m05_regime_dl_intraday_2019_2022_hmm/calm/HAR-RV,qlike,0.3034801663289879,0.3034801663289879,0.0,0.0,m05_regime_dl_intraday_2019_2022_hmm.parquet x hmm_filt_state (t-1),OK,
m05_regime_dl_intraday_2019_2022_hmm_gw_per_regime.csv,m05_regime_dl_intraday_2019_2022_hmm/transitional,n,332.0,332.0,0.0,0.0,m05_regime_dl_intraday_2019_2022_hmm.parquet x hmm_filt_state (t-1),OK,
m05_regime_dl_intraday_2019_2022_hmm_gw_per_regime.csv,m05_regime_dl_intraday_2019_2022_hmm/transitional/Regime-LSTM-B,qlike,0.1950896055997912,0.1950896055997912,0.0,0.0,m05_regime_dl_intraday_2019_2022_hmm.parquet x hmm_filt_state (t-1),OK,
m05_regime_dl_intraday_2019_2022_hmm_gw_per_regime.csv,m05_regime_dl_intraday_2019_2022_hmm/transitional/HAR-RV,qlike,0.2409062567336903,0.24090625673369034,5.551115123125783e-17,2.304263574715812e-16,m05_regime_dl_intraday_2019_2022_hmm.parquet x hmm_filt_state (t-1),OK,
m05_regime_dl_intraday_2019_2022_hmm_gw_per_regime.csv,m05_regime_dl_intraday_2019_2022_hmm/crisis,n,71.0,71.0,0.0,0.0,m05_regime_dl_intraday_2019_2022_hmm.parquet x hmm_filt_state (t-1),OK,
m05_regime_dl_intraday_2019_2022_hmm_gw_per_regime.csv,m05_regime_dl_intraday_2019_2022_hmm/crisis/Regime-LSTM-B,qlike,0.268256273454993,0.26825627345499303,5.551115123125783e-17,2.0693328255218336e-16,m05_regime_dl_intraday_2019_2022_hmm.parquet x hmm_filt_state (t-1),OK,
m05_regime_dl_intraday_2019_2022_hmm_gw_per_regime.csv,m05_regime_dl_intraday_2019_2022_hmm/crisis/HAR-RV,qlike,0.2759578028451177,0.27595780284511773,5.551115123125783e-17,2.0115811424405949e-16,m05_regime_dl_intraday_2019_2022_hmm.parquet x hmm_filt_state (t-1),OK,
m05_regime_dl_intraday_2019_2022_hmm_gw_per_regime.csv,m05_regime_dl_intraday_2019_2022_hmm/calm,n,381.0,381.0,0.0,0.0,m05_regime_dl_intraday_2019_2022_hmm.parquet x hmm_filt_state (t-1),OK,
m05_regime_dl_intraday_2019_2022_hmm_gw_per_regime.csv,m05_regime_dl_intraday_2019_2022_hmm/calm/Regime-LSTM-A-RVonly,qlike,0.2887894787371008,0.28878947873710087,5.551115123125783e-17,1.9222013029703324e-16,m05_regime_dl_intraday_2019_2022_hmm.parquet x hmm_filt_state (t-1),OK,
m05_regime_dl_intraday_2019_2022_hmm_gw_per_regime.csv,m05_regime_dl_intraday_2019_2022_hmm/calm/LSTM-RVonly,qlike,0.2814316545690959,0.28143165456909597,5.551115123125783e-17,1.9724558460295362e-16,m05_regime_dl_intraday_2019_2022_hmm.parquet x hmm_filt_state (t-1),OK,
m05_regime_dl_intraday_2019_2022_hmm_gw_per_regime.csv,m05_regime_dl_intraday_2019_2022_hmm/transitional,n,332.0,332.0,0.0,0.0,m05_regime_dl_intraday_2019_2022_hmm.parquet x hmm_filt_state (t-1),OK,
m05_regime_dl_intraday_2019_2022_hmm_gw_per_regime.csv,m05_regime_dl_intraday_2019_2022_hmm/transitional/Regime-LSTM-A-RVonly,qlike,0.2270769802467632,0.22707698024676323,2.7755575615628914e-17,1.222298076426201e-16,m05_regime_dl_intraday_2019_2022_hmm.parquet x hmm_filt_state (t-1),OK,
m05_regime_dl_intraday_2019_2022_hmm_gw_per_regime.csv,m05_regime_dl_intraday_2019_2022_hmm/transitional/LSTM-RVonly,qlike,0.2330791729939264,0.23307917299392644,5.551115123125783e-17,2.381643564210876e-16,m05_regime_dl_intraday_2019_2022_hmm.parquet x hmm_filt_state (t-1),OK,
m05_regime_dl_intraday_2019_2022_hmm_gw_per_regime.csv,m05_regime_dl_intraday_2019_2022_hmm/crisis,n,71.0,71.0,0.0,0.0,m05_regime_dl_intraday_2019_2022_hmm.parquet x hmm_filt_state (t-1),OK,
m05_regime_dl_intraday_2019_2022_hmm_gw_per_regime.csv,m05_regime_dl_intraday_2019_2022_hmm/crisis/Regime-LSTM-A-RVonly,qlike,0.2777330891183096,0.27773308911830963,5.551115123125783e-17,1.9987229972303018e-16,m05_regime_dl_intraday_2019_2022_hmm.parquet x hmm_filt_state (t-1),OK,
m05_regime_dl_intraday_2019_2022_hmm_gw_per_regime.csv,m05_regime_dl_intraday_2019_2022_hmm/crisis/LSTM-RVonly,qlike,0.2669065364249098,0.26690653642490986,5.551115123125783e-17,2.0797973693265121e-16,m05_regime_dl_intraday_2019_2022_hmm.parquet x hmm_filt_state (t-1),OK,
m05_regime_dl_intraday_2019_2022_hmm_per_regime.csv,m05_regime_dl_intraday_2019_2022_hmm/calm,n,381.0,381.0,0.0,0.0,m05_regime_dl_intraday_2019_2022_hmm.parquet x hmm_filt_state (t-1),OK,
m05_regime_dl_intraday_2019_2022_hmm_per_regime.csv,m05_regime_dl_intraday_2019_2022_hmm/calm/HAR-RV,qlike,0.3034801663289879,0.3034801663289879,0.0,0.0,m05_regime_dl_intraday_2019_2022_hmm.parquet x hmm_filt_state (t-1),OK,
m05_regime_dl_intraday_2019_2022_hmm_per_regime.csv,m05_regime_dl_intraday_2019_2022_hmm/calm/LSTM,qlike,0.3152842517749871,0.31528425177498715,5.551115123125783e-17,1.760669964285916e-16,m05_regime_dl_intraday_2019_2022_hmm.parquet x hmm_filt_state (t-1),OK,
m05_regime_dl_intraday_2019_2022_hmm_per_regime.csv,m05_regime_dl_intraday_2019_2022_hmm/calm/LSTM-RVonly,qlike,0.2814316545690959,0.28143165456909597,5.551115123125783e-17,1.9724558460295362e-16,m05_regime_dl_intraday_2019_2022_hmm.parquet x hmm_filt_state (t-1),OK,
m05_regime_dl_intraday_2019_2022_hmm_per_regime.csv,m05_regime_dl_intraday_2019_2022_hmm/calm/Regime-LSTM-A,qlike,0.3121954313666968,0.3121954313666968,0.0,0.0,m05_regime_dl_intraday_2019_2022_hmm.parquet x hmm_filt_state (t-1),OK,
m05_regime_dl_intraday_2019_2022_hmm_per_regime.csv,m05_regime_dl_intraday_2019_2022_hmm/calm/Regime-LSTM-A-RVonly,qlike,0.2887894787371008,0.28878947873710087,5.551115123125783e-17,1.9222013029703324e-16,m05_regime_dl_intraday_2019_2022_hmm.parquet x hmm_filt_state (t-1),OK,
m05_regime_dl_intraday_2019_2022_hmm_per_regime.csv,m05_regime_dl_intraday_2019_2022_hmm/calm/Regime-LSTM-B,qlike,0.3115528184947781,0.3115528184947781,0.0,0.0,m05_regime_dl_intraday_2019_2022_hmm.parquet x hmm_filt_state (t-1),OK,
m05_regime_dl_intraday_2019_2022_hmm_per_regime.csv,m05_regime_dl_intraday_2019_2022_hmm/transitional,n,332.0,332.0,0.0,0.0,m05_regime_dl_intraday_2019_2022_hmm.parquet x hmm_filt_state (t-1),OK,
m05_regime_dl_intraday_2019_2022_hmm_per_regime.csv,m05_regime_dl_intraday_2019_2022_hmm/transitional/HAR-RV,qlike,0.2409062567336903,0.24090625673369034,5.551115123125783e-17,2.304263574715812e-16,m05_regime_dl_intraday_2019_2022_hmm.parquet x hmm_filt_state (t-1),OK,
m05_regime_dl_intraday_2019_2022_hmm_per_regime.csv,m05_regime_dl_intraday_2019_2022_hmm/transitional/LSTM,qlike,0.2043275392255264,0.2043275392255264,0.0,0.0,m05_regime_dl_intraday_2019_2022_hmm.parquet x hmm_filt_state (t-1),OK,
m05_regime_dl_intraday_2019_2022_hmm_per_regime.csv,m05_regime_dl_intraday_2019_2022_hmm/transitional/LSTM-RVonly,qlike,0.2330791729939264,0.23307917299392644,5.551115123125783e-17,2.381643564210876e-16,m05_regime_dl_intraday_2019_2022_hmm.parquet x hmm_filt_state (t-1),OK,
m05_regime_dl_intraday_2019_2022_hmm_per_regime.csv,m05_regime_dl_intraday_2019_2022_hmm/transitional/Regime-LSTM-A,qlike,0.2049379114654012,0.20493791146540127,8.326672684688674e-17,4.063022124676249e-16,m05_regime_dl_intraday_2019_2022_hmm.parquet x hmm_filt_state (t-1),OK,
m05_regime_dl_intraday_2019_2022_hmm_per_regime.csv,m05_regime_dl_intraday_2019_2022_hmm/transitional/Regime-LSTM-A-RVonly,qlike,0.2270769802467632,0.22707698024676323,2.7755575615628914e-17,1.222298076426201e-16,m05_regime_dl_intraday_2019_2022_hmm.parquet x hmm_filt_state (t-1),OK,
m05_regime_dl_intraday_2019_2022_hmm_per_regime.csv,m05_regime_dl_intraday_2019_2022_hmm/transitional/Regime-LSTM-B,qlike,0.1950896055997912,0.1950896055997912,0.0,0.0,m05_regime_dl_intraday_2019_2022_hmm.parquet x hmm_filt_state (t-1),OK,
m05_regime_dl_intraday_2019_2022_hmm_per_regime.csv,m05_regime_dl_intraday_2019_2022_hmm/crisis,n,71.0,71.0,0.0,0.0,m05_regime_dl_intraday_2019_2022_hmm.parquet x hmm_filt_state (t-1),OK,
m05_regime_dl_intraday_2019_2022_hmm_per_regime.csv,m05_regime_dl_intraday_2019_2022_hmm/crisis/HAR-RV,qlike,0.2759578028451177,0.27595780284511773,5.551115123125783e-17,2.0115811424405949e-16,m05_regime_dl_intraday_2019_2022_hmm.parquet x hmm_filt_state (t-1),OK,
m05_regime_dl_intraday_2019_2022_hmm_per_regime.csv,m05_regime_dl_intraday_2019_2022_hmm/crisis/LSTM,qlike,0.2790784188257495,0.2790784188257495,0.0,0.0,m05_regime_dl_intraday_2019_2022_hmm.parquet x hmm_filt_state (t-1),OK,
m05_regime_dl_intraday_2019_2022_hmm_per_regime.csv,m05_regime_dl_intraday_2019_2022_hmm/crisis/LSTM-RVonly,qlike,0.2669065364249098,0.26690653642490986,5.551115123125783e-17,2.0797973693265121e-16,m05_regime_dl_intraday_2019_2022_hmm.parquet x hmm_filt_state (t-1),OK,
m05_regime_dl_intraday_2019_2022_hmm_per_regime.csv,m05_regime_dl_intraday_2019_2022_hmm/crisis/Regime-LSTM-A,qlike,0.2667049322539286,0.2667049322539286,0.0,0.0,m05_regime_dl_intraday_2019_2022_hmm.parquet x hmm_filt_state (t-1),OK,
m05_regime_dl_intraday_2019_2022_hmm_per_regime.csv,m05_regime_dl_intraday_2019_2022_hmm/crisis/Regime-LSTM-A-RVonly,qlike,0.2777330891183096,0.27773308911830963,5.551115123125783e-17,1.9987229972303018e-16,m05_regime_dl_intraday_2019_2022_hmm.parquet x hmm_filt_state (t-1),OK,
m05_regime_dl_intraday_2019_2022_hmm_per_regime.csv,m05_regime_dl_intraday_2019_2022_hmm/crisis/Regime-LSTM-B,qlike,0.268256273454993,0.26825627345499303,5.551115123125783e-17,2.0693328255218336e-16,m05_regime_dl_intraday_2019_2022_hmm.parquet x hmm_filt_state (t-1),OK,
m05_regime_dl_intraday_2019_2022_hmm_per_regime.csv,m05_regime_dl_intraday_2019_2022_hmm/all,n,784.0,784.0,0.0,0.0,m05_regime_dl_intraday_2019_2022_hmm.parquet x hmm_filt_state (t-1),OK,
m05_regime_dl_intraday_2019_2022_hmm_per_regime.csv,m05_regime_dl_intraday_2019_2022_hmm/all/HAR-RV,qlike,0.2744895722052716,0.2744895722052716,0.0,0.0,m05_regime_dl_intraday_2019_2022_hmm.parquet x hmm_filt_state (t-1),OK,
m05_regime_dl_intraday_2019_2022_hmm_per_regime.csv,m05_regime_dl_intraday_2019_2022_hmm/all/LSTM,qlike,0.2650186360787922,0.2650186360787922,0.0,0.0,m05_regime_dl_intraday_2019_2022_hmm.parquet x hmm_filt_state (t-1),OK,
m05_regime_dl_intraday_2019_2022_hmm_per_regime.csv,m05_regime_dl_intraday_2019_2022_hmm/all/LSTM-RVonly,qlike,0.2596404463150226,0.25964044631502264,5.551115123125783e-17,2.1380009170029684e-16,m05_regime_dl_intraday_2019_2022_hmm.parquet x hmm_filt_state (t-1),OK,
m05_regime_dl_intraday_2019_2022_hmm_per_regime.csv,m05_regime_dl_intraday_2019_2022_hmm/all/Regime-LSTM-A,qlike,0.2626554797796602,0.26265547977966025,5.551115123125783e-17,2.1134587132096287e-16,m05_regime_dl_intraday_2019_2022_hmm.parquet x hmm_filt_state (t-1),OK,
m05_regime_dl_intraday_2019_2022_hmm_per_regime.csv,m05_regime_dl_intraday_2019_2022_hmm/all/Regime-LSTM-A-RVonly,qlike,0.2616548446022459,0.2616548446022459,0.0,0.0,m05_regime_dl_intraday_2019_2022_hmm.parquet x hmm_filt_state (t-1),OK,
m05_regime_dl_intraday_2019_2022_hmm_per_regime.csv,m05_regime_dl_intraday_2019_2022_hmm/all/Regime-LSTM-B,qlike,0.2583132248991653,0.25831322489916536,5.551115123125783e-17,2.1489860324777045e-16,m05_regime_dl_intraday_2019_2022_hmm.parquet x hmm_filt_state (t-1),OK,
m05_regime_dl_intraday_2019_2022_per_regime.csv,m05_regime_dl_intraday_2019_2022/calm,n,379.0,379.0,0.0,0.0,m05_regime_dl_intraday_2019_2022.parquet x jphmm_filt_state (t-1),OK,
m05_regime_dl_intraday_2019_2022_per_regime.csv,m05_regime_dl_intraday_2019_2022/calm/HAR-RV,qlike,0.3008160827635482,0.3008160827635482,0.0,0.0,m05_regime_dl_intraday_2019_2022.parquet x jphmm_filt_state (t-1),OK,
m05_regime_dl_intraday_2019_2022_per_regime.csv,m05_regime_dl_intraday_2019_2022/calm/LSTM,qlike,0.3187144541239558,0.3187144541239558,0.0,0.0,m05_regime_dl_intraday_2019_2022.parquet x jphmm_filt_state (t-1),OK,
m05_regime_dl_intraday_2019_2022_per_regime.csv,m05_regime_dl_intraday_2019_2022/calm/LSTM-RVonly,qlike,0.2828909586336159,0.28289095863361596,5.551115123125783e-17,1.962280855470983e-16,m05_regime_dl_intraday_2019_2022.parquet x jphmm_filt_state (t-1),OK,
m05_regime_dl_intraday_2019_2022_per_regime.csv,m05_regime_dl_intraday_2019_2022/calm/Regime-LSTM-A,qlike,0.3163891716490153,0.3163891716490153,0.0,0.0,m05_regime_dl_intraday_2019_2022.parquet x jphmm_filt_state (t-1),OK,
m05_regime_dl_intraday_2019_2022_per_regime.csv,m05_regime_dl_intraday_2019_2022/calm/Regime-LSTM-A-RVonly,qlike,0.2919501421963291,0.2919501421963291,0.0,0.0,m05_regime_dl_intraday_2019_2022.parquet x jphmm_filt_state (t-1),OK,
m05_regime_dl_intraday_2019_2022_per_regime.csv,m05_regime_dl_intraday_2019_2022/calm/Regime-LSTM-B,qlike,0.3171685712924969,0.3171685712924969,0.0,0.0,m05_regime_dl_intraday_2019_2022.parquet x jphmm_filt_state (t-1),OK,
m05_regime_dl_intraday_2019_2022_per_regime.csv,m05_regime_dl_intraday_2019_2022/transitional,n,329.0,329.0,0.0,0.0,m05_regime_dl_intraday_2019_2022.parquet x jphmm_filt_state (t-1),OK,
m05_regime_dl_intraday_2019_2022_per_regime.csv,m05_regime_dl_intraday_2019_2022/transitional/HAR-RV,qlike,0.2366619760877777,0.2366619760877777,0.0,0.0,m05_regime_dl_intraday_2019_2022.parquet x jphmm_filt_state (t-1),OK,
m05_regime_dl_intraday_2019_2022_per_regime.csv,m05_regime_dl_intraday_2019_2022/transitional/LSTM,qlike,0.1920652516053699,0.1920652516053699,0.0,0.0,m05_regime_dl_intraday_2019_2022.parquet x jphmm_filt_state (t-1),OK,
m05_regime_dl_intraday_2019_2022_per_regime.csv,m05_regime_dl_intraday_2019_2022/transitional/LSTM-RVonly,qlike,0.2181777842600345,0.21817778426003456,5.551115123125783e-17,2.5443081393244437e-16,m05_regime_dl_intraday_2019_2022.parquet x jphmm_filt_state (t-1),OK,
m05_regime_dl_intraday_2019_2022_per_regime.csv,m05_regime_dl_intraday_2019_2022/transitional/Regime-LSTM-A,qlike,0.1945489090232934,0.19454890902329347,8.326672684688674e-17,4.2799894003475085e-16,m05_regime_dl_intraday_2019_2022.parquet x jphmm_filt_state (t-1),OK,
m05_regime_dl_intraday_2019_2022_per_regime.csv,m05_regime_dl_intraday_2019_2022/transitional/Regime-LSTM-A-RVonly,qlike,0.2158242790512097,0.2158242790512097,0.0,0.0,m05_regime_dl_intraday_2019_2022.parquet x jphmm_filt_state (t-1),OK,
m05_regime_dl_intraday_2019_2022_per_regime.csv,m05_regime_dl_intraday_2019_2022/transitional/Regime-LSTM-B,qlike,0.1850590360249692,0.18505903602496926,5.551115123125783e-17,2.9996455414243026e-16,m05_regime_dl_intraday_2019_2022.parquet x jphmm_filt_state (t-1),OK,
m05_regime_dl_intraday_2019_2022_per_regime.csv,m05_regime_dl_intraday_2019_2022/crisis,n,76.0,76.0,0.0,0.0,m05_regime_dl_intraday_2019_2022.parquet x jphmm_filt_state (t-1),OK,
m05_regime_dl_intraday_2019_2022_per_regime.csv,m05_regime_dl_intraday_2019_2022/crisis/HAR-RV,qlike,0.3069570935351224,0.30695709353512246,5.551115123125783e-17,1.8084335693941595e-16,m05_regime_dl_intraday_2019_2022.parquet x jphmm_filt_state (t-1),OK,
m05_regime_dl_intraday_2019_2022_per_regime.csv,m05_regime_dl_intraday_2019_2022/crisis/LSTM,qlike,0.3130574315082516,0.31305743150825166,5.551115123125783e-17,1.7731938502087486e-16,m05_regime_dl_intraday_2019_2022.parquet x jphmm_filt_state (t-1),OK,
m05_regime_dl_intraday_2019_2022_per_regime.csv,m05_regime_dl_intraday_2019_2022/crisis/LSTM-RVonly,qlike,0.3231834943063936,0.32318349430639365,5.551115123125783e-17,1.7176357149796322e-16,m05_regime_dl_intraday_2019_2022.parquet x jphmm_filt_state (t-1),OK,
m05_regime_dl_intraday_2019_2022_per_regime.csv,m05_regime_dl_intraday_2019_2022/crisis/Regime-LSTM-A,qlike,0.2952334355150034,0.2952334355150034,0.0,0.0,m05_regime_dl_intraday_2019_2022.parquet x jphmm_filt_state (t-1),OK,
m05_regime_dl_intraday_2019_2022_per_regime.csv,m05_regime_dl_intraday_2019_2022/crisis/Regime-LSTM-A-RVonly,qlike,0.3099396197948461,0.3099396197948461,0.0,0.0,m05_regime_dl_intraday_2019_2022.parquet x jphmm_filt_state (t-1),OK,
m05_regime_dl_intraday_2019_2022_per_regime.csv,m05_regime_dl_intraday_2019_2022/crisis/Regime-LSTM-B,qlike,0.3211469906814805,0.3211469906814805,0.0,0.0,m05_regime_dl_intraday_2019_2022.parquet x jphmm_filt_state (t-1),OK,
m05_regime_dl_intraday_2019_2022_per_regime.csv,m05_regime_dl_intraday_2019_2022/all,n,784.0,784.0,0.0,0.0,m05_regime_dl_intraday_2019_2022.parquet x jphmm_filt_state (t-1),OK,
m05_regime_dl_intraday_2019_2022_per_regime.csv,m05_regime_dl_intraday_2019_2022/all/HAR-RV,qlike,0.2744895722052716,0.2744895722052716,0.0,0.0,m05_regime_dl_intraday_2019_2022.parquet x jphmm_filt_state (t-1),OK,
m05_regime_dl_intraday_2019_2022_per_regime.csv,m05_regime_dl_intraday_2019_2022/all/LSTM,qlike,0.2650186360787922,0.2650186360787922,0.0,0.0,m05_regime_dl_intraday_2019_2022.parquet x jphmm_filt_state (t-1),OK,
m05_regime_dl_intraday_2019_2022_per_regime.csv,m05_regime_dl_intraday_2019_2022/all/LSTM-RVonly,qlike,0.2596404463150226,0.25964044631502264,5.551115123125783e-17,2.1380009170029684e-16,m05_regime_dl_intraday_2019_2022.parquet x jphmm_filt_state (t-1),OK,
m05_regime_dl_intraday_2019_2022_per_regime.csv,m05_regime_dl_intraday_2019_2022/all/Regime-LSTM-A,qlike,0.2632089645698732,0.26320896456987325,5.551115123125783e-17,2.10901446012571e-16,m05_regime_dl_intraday_2019_2022.parquet x jphmm_filt_state (t-1),OK,
m05_regime_dl_intraday_2019_2022_per_regime.csv,m05_regime_dl_intraday_2019_2022/all/Regime-LSTM-A-RVonly,qlike,0.2617483454141135,0.2617483454141135,0.0,0.0,m05_regime_dl_intraday_2019_2022.parquet x jphmm_filt_state (t-1),OK,
m05_regime_dl_intraday_2019_2022_per_regime.csv,m05_regime_dl_intraday_2019_2022/all/Regime-LSTM-B,qlike,0.2621154115610506,0.26211541156105067,5.551115123125783e-17,2.1178133288941862e-16,m05_regime_dl_intraday_2019_2022.parquet x jphmm_filt_state (t-1),OK,
m05_regime_dl_rq4_ftse_per_regime.csv,m05_regime_dl_rq4_ftse/calm,n,376.0,376.0,0.0,0.0,m05_regime_dl_rq4_ftse.parquet x jphmm_filt_state (t-1),OK,
m05_regime_dl_rq4_ftse_per_regime.csv,m05_regime_dl_rq4_ftse/calm/HAR-RV,qlike,0.33676122781843,0.33676122781843,0.0,0.0,m05_regime_dl_rq4_ftse.parquet x jphmm_filt_state (t-1),OK,
m05_regime_dl_rq4_ftse_per_regime.csv,m05_regime_dl_rq4_ftse/calm/Regime-LSTM-B,qlike,0.3498446956549487,0.34984469565494875,5.551115123125783e-17,1.5867369698812983e-16,m05_regime_dl_rq4_ftse.parquet x jphmm_filt_state (t-1),OK,
m05_regime_dl_rq4_ftse_per_regime.csv,m05_regime_dl_rq4_ftse/transitional,n,339.0,339.0,0.0,0.0,m05_regime_dl_rq4_ftse.parquet x jphmm_filt_state (t-1),OK,
m05_regime_dl_rq4_ftse_per_regime.csv,m05_regime_dl_rq4_ftse/transitional/HAR-RV,qlike,0.2386125462964638,0.23861254629646383,2.7755575615628914e-17,1.1632068827237626e-16,m05_regime_dl_rq4_ftse.parquet x jphmm_filt_state (t-1),OK,
m05_regime_dl_rq4_ftse_per_regime.csv,m05_regime_dl_rq4_ftse/transitional/Regime-LSTM-B,qlike,0.2225273680794623,0.22252736807946236,5.551115123125783e-17,2.494576362015631e-16,m05_regime_dl_rq4_ftse.parquet x jphmm_filt_state (t-1),OK,
m05_regime_dl_rq4_ftse_per_regime.csv,m05_regime_dl_rq4_ftse/crisis,n,80.0,80.0,0.0,0.0,m05_regime_dl_rq4_ftse.parquet x jphmm_filt_state (t-1),OK,
m05_regime_dl_rq4_ftse_per_regime.csv,m05_regime_dl_rq4_ftse/crisis/HAR-RV,qlike,0.3846973124613531,0.38469731246135314,5.551115123125783e-17,1.4429825588353833e-16,m05_regime_dl_rq4_ftse.parquet x jphmm_filt_state (t-1),OK,
m05_regime_dl_rq4_ftse_per_regime.csv,m05_regime_dl_rq4_ftse/crisis/Regime-LSTM-B,qlike,0.2991193994487742,0.29911939944877425,5.551115123125783e-17,1.8558191589564358e-16,m05_regime_dl_rq4_ftse.parquet x jphmm_filt_state (t-1),OK,
m05_regime_dl_rq4_ftse_per_regime.csv,m05_regime_dl_rq4_ftse/all,n,795.0,795.0,0.0,0.0,m05_regime_dl_rq4_ftse.parquet x jphmm_filt_state (t-1),OK,
m05_regime_dl_rq4_ftse_per_regime.csv,m05_regime_dl_rq4_ftse/all/HAR-RV,qlike,0.299732905473131,0.29973290547313103,5.551115123125783e-17,1.8520205895856844e-16,m05_regime_dl_rq4_ftse.parquet x jphmm_filt_state (t-1),OK,
m05_regime_dl_rq4_ftse_per_regime.csv,m05_regime_dl_rq4_ftse/all/Regime-LSTM-B,qlike,0.2904502330831451,0.29045023308314516,5.551115123125783e-17,1.911210421214124e-16,m05_regime_dl_rq4_ftse.parquet x jphmm_filt_state (t-1),OK,
m05_regime_dl_rq4_rut_per_regime.csv,m05_regime_dl_rq4_rut/calm,n,228.0,228.0,0.0,0.0,m05_regime_dl_rq4_rut.parquet x jphmm_filt_state (t-1),OK,
m05_regime_dl_rq4_rut_per_regime.csv,m05_regime_dl_rq4_rut/calm/HAR-RV,qlike,0.2239209944038537,0.2239209944038537,0.0,0.0,m05_regime_dl_rq4_rut.parquet x jphmm_filt_state (t-1),OK,
m05_regime_dl_rq4_rut_per_regime.csv,m05_regime_dl_rq4_rut/calm/Regime-LSTM-B,qlike,0.2518370098074842,0.25183700980748425,5.551115123125783e-17,2.2042491400963307e-16,m05_regime_dl_rq4_rut.parquet x jphmm_filt_state (t-1),OK,
m05_regime_dl_rq4_rut_per_regime.csv,m05_regime_dl_rq4_rut/transitional,n,474.0,474.0,0.0,0.0,m05_regime_dl_rq4_rut.parquet x jphmm_filt_state (t-1),OK,
m05_regime_dl_rq4_rut_per_regime.csv,m05_regime_dl_rq4_rut/transitional/HAR-RV,qlike,0.2272907507239528,0.22729075072395283,2.7755575615628914e-17,1.2211484861228857e-16,m05_regime_dl_rq4_rut.parquet x jphmm_filt_state (t-1),OK,
m05_regime_dl_rq4_rut_per_regime.csv,m05_regime_dl_rq4_rut/transitional/Regime-LSTM-B,qlike,0.2073098691067013,0.20730986910670132,2.7755575615628914e-17,1.3388448767648039e-16,m05_regime_dl_rq4_rut.parquet x jphmm_filt_state (t-1),OK,
m05_regime_dl_rq4_rut_per_regime.csv,m05_regime_dl_rq4_rut/crisis,n,86.0,86.0,0.0,0.0,m05_regime_dl_rq4_rut.parquet x jphmm_filt_state (t-1),OK,
m05_regime_dl_rq4_rut_per_regime.csv,m05_regime_dl_rq4_rut/crisis/HAR-RV,qlike,0.2247000584215676,0.22470005842156762,2.7755575615628914e-17,1.2352277881279279e-16,m05_regime_dl_rq4_rut.parquet x jphmm_filt_state (t-1),OK,
m05_regime_dl_rq4_rut_per_regime.csv,m05_regime_dl_rq4_rut/crisis/Regime-LSTM-B,qlike,0.1535373002495219,0.15353730024952195,5.551115123125783e-17,3.6154830872396225e-16,m05_regime_dl_rq4_rut.parquet x jphmm_filt_state (t-1),OK,
m05_regime_dl_rq4_rut_per_regime.csv,m05_regime_dl_rq4_rut/all,n,788.0,788.0,0.0,0.0,m05_regime_dl_rq4_rut.parquet x jphmm_filt_state (t-1),OK,
m05_regime_dl_rq4_rut_per_regime.csv,m05_regime_dl_rq4_rut/all/HAR-RV,qlike,0.2260330045577247,0.22603300455772476,5.551115123125783e-17,2.4558869772082904e-16,m05_regime_dl_rq4_rut.parquet x jphmm_filt_state (t-1),OK,
m05_regime_dl_rq4_rut_per_regime.csv,m05_regime_dl_rq4_rut/all/Regime-LSTM-B,qlike,0.2143247766676925,0.21432477666769256,5.551115123125783e-17,2.590048248006672e-16,m05_regime_dl_rq4_rut.parquet x jphmm_filt_state (t-1),OK,
m08_rq4_per_regime.csv,m05_regime_dl_intraday_2019_2022/calm,n,379.0,379.0,0.0,0.0,m05_regime_dl_intraday_2019_2022.parquet x jphmm_filt_state (t-1),OK,
m08_rq4_per_regime.csv,m05_regime_dl_intraday_2019_2022/calm/Regime-LSTM-B,qlike,0.3171685712924969,0.3171685712924969,0.0,0.0,m05_regime_dl_intraday_2019_2022.parquet x jphmm_filt_state (t-1),OK,
m08_rq4_per_regime.csv,m05_regime_dl_intraday_2019_2022/calm/HAR-RV,qlike,0.3008160827635482,0.3008160827635482,0.0,0.0,m05_regime_dl_intraday_2019_2022.parquet x jphmm_filt_state (t-1),OK,
m08_rq4_per_regime.csv,m05_regime_dl_intraday_2019_2022/transitional,n,329.0,329.0,0.0,0.0,m05_regime_dl_intraday_2019_2022.parquet x jphmm_filt_state (t-1),OK,
m08_rq4_per_regime.csv,m05_regime_dl_intraday_2019_2022/transitional/Regime-LSTM-B,qlike,0.1850590360249692,0.18505903602496926,5.551115123125783e-17,2.9996455414243026e-16,m05_regime_dl_intraday_2019_2022.parquet x jphmm_filt_state (t-1),OK,
m08_rq4_per_regime.csv,m05_regime_dl_intraday_2019_2022/transitional/HAR-RV,qlike,0.2366619760877777,0.2366619760877777,0.0,0.0,m05_regime_dl_intraday_2019_2022.parquet x jphmm_filt_state (t-1),OK,
m08_rq4_per_regime.csv,m05_regime_dl_intraday_2019_2022/crisis,n,76.0,76.0,0.0,0.0,m05_regime_dl_intraday_2019_2022.parquet x jphmm_filt_state (t-1),OK,
m08_rq4_per_regime.csv,m05_regime_dl_intraday_2019_2022/crisis/Regime-LSTM-B,qlike,0.3211469906814805,0.3211469906814805,0.0,0.0,m05_regime_dl_intraday_2019_2022.parquet x jphmm_filt_state (t-1),OK,
m08_rq4_per_regime.csv,m05_regime_dl_intraday_2019_2022/crisis/HAR-RV,qlike,0.3069570935351224,0.30695709353512246,5.551115123125783e-17,1.8084335693941595e-16,m05_regime_dl_intraday_2019_2022.parquet x jphmm_filt_state (t-1),OK,
m08_rq4_per_regime.csv,m05_regime_dl_rq4_ftse/calm,n,376.0,376.0,0.0,0.0,m05_regime_dl_rq4_ftse.parquet x jphmm_filt_state (t-1),OK,
m08_rq4_per_regime.csv,m05_regime_dl_rq4_ftse/calm/Regime-LSTM-B,qlike,0.3498446956549487,0.34984469565494875,5.551115123125783e-17,1.5867369698812983e-16,m05_regime_dl_rq4_ftse.parquet x jphmm_filt_state (t-1),OK,
m08_rq4_per_regime.csv,m05_regime_dl_rq4_ftse/calm/HAR-RV,qlike,0.33676122781843,0.33676122781843,0.0,0.0,m05_regime_dl_rq4_ftse.parquet x jphmm_filt_state (t-1),OK,
m08_rq4_per_regime.csv,m05_regime_dl_rq4_ftse/transitional,n,339.0,339.0,0.0,0.0,m05_regime_dl_rq4_ftse.parquet x jphmm_filt_state (t-1),OK,
m08_rq4_per_regime.csv,m05_regime_dl_rq4_ftse/transitional/Regime-LSTM-B,qlike,0.2225273680794623,0.22252736807946236,5.551115123125783e-17,2.494576362015631e-16,m05_regime_dl_rq4_ftse.parquet x jphmm_filt_state (t-1),OK,
m08_rq4_per_regime.csv,m05_regime_dl_rq4_ftse/transitional/HAR-RV,qlike,0.2386125462964638,0.23861254629646383,2.7755575615628914e-17,1.1632068827237626e-16,m05_regime_dl_rq4_ftse.parquet x jphmm_filt_state (t-1),OK,
m08_rq4_per_regime.csv,m05_regime_dl_rq4_ftse/crisis,n,80.0,80.0,0.0,0.0,m05_regime_dl_rq4_ftse.parquet x jphmm_filt_state (t-1),OK,
m08_rq4_per_regime.csv,m05_regime_dl_rq4_ftse/crisis/Regime-LSTM-B,qlike,0.2991193994487742,0.29911939944877425,5.551115123125783e-17,1.8558191589564358e-16,m05_regime_dl_rq4_ftse.parquet x jphmm_filt_state (t-1),OK,
m08_rq4_per_regime.csv,m05_regime_dl_rq4_ftse/crisis/HAR-RV,qlike,0.3846973124613531,0.38469731246135314,5.551115123125783e-17,1.4429825588353833e-16,m05_regime_dl_rq4_ftse.parquet x jphmm_filt_state (t-1),OK,
m08_rq4_per_regime.csv,m05_regime_dl_rq4_rut/calm,n,228.0,228.0,0.0,0.0,m05_regime_dl_rq4_rut.parquet x jphmm_filt_state (t-1),OK,
m08_rq4_per_regime.csv,m05_regime_dl_rq4_rut/calm/Regime-LSTM-B,qlike,0.2518370098074842,0.25183700980748425,5.551115123125783e-17,2.2042491400963307e-16,m05_regime_dl_rq4_rut.parquet x jphmm_filt_state (t-1),OK,
m08_rq4_per_regime.csv,m05_regime_dl_rq4_rut/calm/HAR-RV,qlike,0.2239209944038537,0.2239209944038537,0.0,0.0,m05_regime_dl_rq4_rut.parquet x jphmm_filt_state (t-1),OK,
m08_rq4_per_regime.csv,m05_regime_dl_rq4_rut/transitional,n,474.0,474.0,0.0,0.0,m05_regime_dl_rq4_rut.parquet x jphmm_filt_state (t-1),OK,
m08_rq4_per_regime.csv,m05_regime_dl_rq4_rut/transitional/Regime-LSTM-B,qlike,0.2073098691067013,0.20730986910670132,2.7755575615628914e-17,1.3388448767648039e-16,m05_regime_dl_rq4_rut.parquet x jphmm_filt_state (t-1),OK,
m08_rq4_per_regime.csv,m05_regime_dl_rq4_rut/transitional/HAR-RV,qlike,0.2272907507239528,0.22729075072395283,2.7755575615628914e-17,1.2211484861228857e-16,m05_regime_dl_rq4_rut.parquet x jphmm_filt_state (t-1),OK,
m08_rq4_per_regime.csv,m05_regime_dl_rq4_rut/crisis,n,86.0,86.0,0.0,0.0,m05_regime_dl_rq4_rut.parquet x jphmm_filt_state (t-1),OK,
m08_rq4_per_regime.csv,m05_regime_dl_rq4_rut/crisis/Regime-LSTM-B,qlike,0.1535373002495219,0.15353730024952195,5.551115123125783e-17,3.6154830872396225e-16,m05_regime_dl_rq4_rut.parquet x jphmm_filt_state (t-1),OK,
m08_rq4_per_regime.csv,m05_regime_dl_rq4_rut/crisis/HAR-RV,qlike,0.2247000584215676,0.22470005842156762,2.7755575615628914e-17,1.2352277881279279e-16,m05_regime_dl_rq4_rut.parquet x jphmm_filt_state (t-1),OK,
m06_uq_intraday_2019_2022_hmm_per_regime_mc.csv,MC-Dropout-LSTM/calm,n,381.0,381.0,0.0,0.0,m06_uq_intraday_2019_2022_hmm.parquet MC-Dropout-LSTM_lo90/MC-Dropout-LSTM_hi90 x hmm_filt_state (t-1),OK,
m06_uq_intraday_2019_2022_hmm_per_regime_mc.csv,MC-Dropout-LSTM/calm,picp,0.847769028871391,0.847769028871391,0.0,0.0,m06_uq_intraday_2019_2022_hmm.parquet MC-Dropout-LSTM_lo90/MC-Dropout-LSTM_hi90 x hmm_filt_state (t-1),OK,
m06_uq_intraday_2019_2022_hmm_per_regime_mc.csv,MC-Dropout-LSTM/calm,mpiw,4.917071609605127e-05,4.917071609605127e-05,0.0,0.0,m06_uq_intraday_2019_2022_hmm.parquet MC-Dropout-LSTM_lo90/MC-Dropout-LSTM_hi90 x hmm_filt_state (t-1),OK,
m06_uq_intraday_2019_2022_hmm_per_regime_mc.csv,MC-Dropout-LSTM/calm,winkler,0.0001370943670523,0.00013709436705238364,8.364619760725667e-17,6.101359188255091e-13,m06_uq_intraday_2019_2022_hmm.parquet MC-Dropout-LSTM_lo90/MC-Dropout-LSTM_hi90 x hmm_filt_state (t-1),OK,
m06_uq_intraday_2019_2022_hmm_per_regime_mc.csv,MC-Dropout-LSTM/calm,coverage_error,-0.0522309711286089,-0.05223097112860897,6.938893903907228e-17,1.3285017976827413e-15,m06_uq_intraday_2019_2022_hmm.parquet MC-Dropout-LSTM_lo90/MC-Dropout-LSTM_hi90 x hmm_filt_state (t-1),OK,
m06_uq_intraday_2019_2022_hmm_per_regime_mc.csv,MC-Dropout-LSTM/transitional,n,332.0,332.0,0.0,0.0,m06_uq_intraday_2019_2022_hmm.parquet MC-Dropout-LSTM_lo90/MC-Dropout-LSTM_hi90 x hmm_filt_state (t-1),OK,
m06_uq_intraday_2019_2022_hmm_per_regime_mc.csv,MC-Dropout-LSTM/transitional,picp,0.8795180722891566,0.8795180722891566,0.0,0.0,m06_uq_intraday_2019_2022_hmm.parquet MC-Dropout-LSTM_lo90/MC-Dropout-LSTM_hi90 x hmm_filt_state (t-1),OK,
m06_uq_intraday_2019_2022_hmm_per_regime_mc.csv,MC-Dropout-LSTM/transitional,mpiw,0.0001700739051405,0.00017007390514058962,8.960930955592694e-17,5.268845298865788e-13,m06_uq_intraday_2019_2022_hmm.parquet MC-Dropout-LSTM_lo90/MC-Dropout-LSTM_hi90 x hmm_filt_state (t-1),OK,
m06_uq_intraday_2019_2022_hmm_per_regime_mc.csv,MC-Dropout-LSTM/transitional,winkler,0.0002558605049993,0.00025586050499930367,3.686287386450715e-18,1.4407410735239503e-14,m06_uq_intraday_2019_2022_hmm.parquet MC-Dropout-LSTM_lo90/MC-Dropout-LSTM_hi90 x hmm_filt_state (t-1),OK,
m06_uq_intraday_2019_2022_hmm_per_regime_mc.csv,MC-Dropout-LSTM/transitional,coverage_error,-0.0204819277108434,-0.02048192771084345,5.204170427930421e-17,2.5408596795189673e-15,m06_uq_intraday_2019_2022_hmm.parquet MC-Dropout-LSTM_lo90/MC-Dropout-LSTM_hi90 x hmm_filt_state (t-1),OK,
m06_uq_intraday_2019_2022_hmm_per_regime_mc.csv,MC-Dropout-LSTM/crisis,n,71.0,71.0,0.0,0.0,m06_uq_intraday_2019_2022_hmm.parquet MC-Dropout-LSTM_lo90/MC-Dropout-LSTM_hi90 x hmm_filt_state (t-1),OK,
m06_uq_intraday_2019_2022_hmm_per_regime_mc.csv,MC-Dropout-LSTM/crisis,picp,0.8873239436619719,0.8873239436619719,0.0,0.0,m06_uq_intraday_2019_2022_hmm.parquet MC-Dropout-LSTM_lo90/MC-Dropout-LSTM_hi90 x hmm_filt_state (t-1),OK,
m06_uq_intraday_2019_2022_hmm_per_regime_mc.csv,MC-Dropout-LSTM/crisis,mpiw,0.0009481803051532,0.0009481803051532088,8.782037597132586e-18,9.261991152319547e-15,m06_uq_intraday_2019_2022_hmm.parquet MC-Dropout-LSTM_lo90/MC-Dropout-LSTM_hi90 x hmm_filt_state (t-1),OK,
m06_uq_intraday_2019_2022_hmm_per_regime_mc.csv,MC-Dropout-LSTM/crisis,winkler,0.0027048257901751,0.0027048257901751676,6.765421556309548e-17,2.5012411449506257e-14,m06_uq_intraday_2019_2022_hmm.parquet MC-Dropout-LSTM_lo90/MC-Dropout-LSTM_hi90 x hmm_filt_state (t-1),OK,
m06_uq_intraday_2019_2022_hmm_per_regime_mc.csv,MC-Dropout-LSTM/crisis,coverage_error,-0.0126760563380281,-0.012676056338028152,5.204170427930421e-17,4.105512226478466e-15,m06_uq_intraday_2019_2022_hmm.parquet MC-Dropout-LSTM_lo90/MC-Dropout-LSTM_hi90 x hmm_filt_state (t-1),OK,
m06_uq_intraday_2019_2022_hmm_per_regime_mc.csv,MC-Dropout-LSTM/all,n,784.0,784.0,0.0,0.0,m06_uq_intraday_2019_2022_hmm.parquet MC-Dropout-LSTM_lo90/MC-Dropout-LSTM_hi90 x hmm_filt_state (t-1),OK,
m06_uq_intraday_2019_2022_hmm_per_regime_mc.csv,MC-Dropout-LSTM/all,picp,0.8647959183673469,0.8647959183673469,0.0,0.0,m06_uq_intraday_2019_2022_hmm.parquet MC-Dropout-LSTM_lo90/MC-Dropout-LSTM_hi90 x hmm_filt_state (t-1),OK,
m06_uq_intraday_2019_2022_hmm_per_regime_mc.csv,MC-Dropout-LSTM/all,mpiw,0.0001817849247514,0.0001817849247514657,6.570265165262157e-17,3.61430694775561e-13,m06_uq_intraday_2019_2022_hmm.parquet MC-Dropout-LSTM_lo90/MC-Dropout-LSTM_hi90 x hmm_filt_state (t-1),OK,
m06_uq_intraday_2019_2022_hmm_per_regime_mc.csv,MC-Dropout-LSTM/all,winkler,0.0004199250926137,0.00041992509261372943,2.9436088982981445e-17,7.009842826911148e-14,m06_uq_intraday_2019_2022_hmm.parquet MC-Dropout-LSTM_lo90/MC-Dropout-LSTM_hi90 x hmm_filt_state (t-1),OK,
m06_uq_intraday_2019_2022_hmm_per_regime_mc.csv,MC-Dropout-LSTM/all,coverage_error,-0.035204081632653,-0.035204081632653095,9.71445146547012e-17,2.7594673728002128e-15,m06_uq_intraday_2019_2022_hmm.parquet MC-Dropout-LSTM_lo90/MC-Dropout-LSTM_hi90 x hmm_filt_state (t-1),OK,
m06_uq_intraday_2019_2022_hmm_per_regime_q.csv,Quantile-LSTM/calm,n,381.0,381.0,0.0,0.0,m06_uq_intraday_2019_2022_hmm.parquet Quantile-LSTM_lo90/Quantile-LSTM_hi90 x hmm_filt_state (t-1),OK,
m06_uq_intraday_2019_2022_hmm_per_regime_q.csv,Quantile-LSTM/calm,picp,0.8110236220472441,0.8110236220472441,0.0,0.0,m06_uq_intraday_2019_2022_hmm.parquet Quantile-LSTM_lo90/Quantile-LSTM_hi90 x hmm_filt_state (t-1),OK,
m06_uq_intraday_2019_2022_hmm_per_regime_q.csv,Quantile-LSTM/calm,mpiw,4.353426126173032e-05,4.3534261261730315e-05,6.776263578034403e-21,1.5565357908097122e-16,m06_uq_intraday_2019_2022_hmm.parquet Quantile-LSTM_lo90/Quantile-LSTM_hi90 x hmm_filt_state (t-1),OK,
m06_uq_intraday_2019_2022_hmm_per_regime_q.csv,Quantile-LSTM/calm,winkler,0.0001427575828935,0.00014275758289356046,6.047137617037901e-17,4.2359484480408905e-13,m06_uq_intraday_2019_2022_hmm.parquet Quantile-LSTM_lo90/Quantile-LSTM_hi90 x hmm_filt_state (t-1),OK,
m06_uq_intraday_2019_2022_hmm_per_regime_q.csv,Quantile-LSTM/calm,coverage_error,-0.0889763779527559,-0.08897637795275593,2.7755575615628914e-17,3.119431949721126e-16,m06_uq_intraday_2019_2022_hmm.parquet Quantile-LSTM_lo90/Quantile-LSTM_hi90 x hmm_filt_state (t-1),OK,
m06_uq_intraday_2019_2022_hmm_per_regime_q.csv,Quantile-LSTM/transitional,n,332.0,332.0,0.0,0.0,m06_uq_intraday_2019_2022_hmm.parquet Quantile-LSTM_lo90/Quantile-LSTM_hi90 x hmm_filt_state (t-1),OK,
m06_uq_intraday_2019_2022_hmm_per_regime_q.csv,Quantile-LSTM/transitional,picp,0.8283132530120482,0.8283132530120482,0.0,0.0,m06_uq_intraday_2019_2022_hmm.parquet Quantile-LSTM_lo90/Quantile-LSTM_hi90 x hmm_filt_state (t-1),OK,
m06_uq_intraday_2019_2022_hmm_per_regime_q.csv,Quantile-LSTM/transitional,mpiw,0.0001402200505514,0.0001402200505514106,1.0598076236045806e-17,7.558174593697571e-14,m06_uq_intraday_2019_2022_hmm.parquet Quantile-LSTM_lo90/Quantile-LSTM_hi90 x hmm_filt_state (t-1),OK,
m06_uq_intraday_2019_2022_hmm_per_regime_q.csv,Quantile-LSTM/transitional,winkler,0.0002654371762825,0.00026543717628253814,3.8163916471489756e-17,1.437775861165453e-13,m06_uq_intraday_2019_2022_hmm.parquet Quantile-LSTM_lo90/Quantile-LSTM_hi90 x hmm_filt_state (t-1),OK,
m06_uq_intraday_2019_2022_hmm_per_regime_q.csv,Quantile-LSTM/transitional,coverage_error,-0.0716867469879518,-0.07168674698795185,5.551115123125783e-17,7.743572356629244e-16,m06_uq_intraday_2019_2022_hmm.parquet Quantile-LSTM_lo90/Quantile-LSTM_hi90 x hmm_filt_state (t-1),OK,
m06_uq_intraday_2019_2022_hmm_per_regime_q.csv,Quantile-LSTM/crisis,n,71.0,71.0,0.0,0.0,m06_uq_intraday_2019_2022_hmm.parquet Quantile-LSTM_lo90/Quantile-LSTM_hi90 x hmm_filt_state (t-1),OK,
m06_uq_intraday_2019_2022_hmm_per_regime_q.csv,Quantile-LSTM/crisis,picp,0.8450704225352113,0.8450704225352113,0.0,0.0,m06_uq_intraday_2019_2022_hmm.parquet Quantile-LSTM_lo90/Quantile-LSTM_hi90 x hmm_filt_state (t-1),OK,
m06_uq_intraday_2019_2022_hmm_per_regime_q.csv,Quantile-LSTM/crisis,mpiw,0.000875516956512,0.0008755169565120013,1.3010426069826053e-18,1.4860278802204706e-15,m06_uq_intraday_2019_2022_hmm.parquet Quantile-LSTM_lo90/Quantile-LSTM_hi90 x hmm_filt_state (t-1),OK,
m06_uq_intraday_2019_2022_hmm_per_regime_q.csv,Quantile-LSTM/crisis,winkler,0.0027601723881987,0.0027601723881987244,2.42861286636753e-17,8.79877241273489e-15,m06_uq_intraday_2019_2022_hmm.parquet Quantile-LSTM_lo90/Quantile-LSTM_hi90 x hmm_filt_state (t-1),OK,
m06_uq_intraday_2019_2022_hmm_per_regime_q.csv,Quantile-LSTM/crisis,coverage_error,-0.0549295774647887,-0.05492957746478877,6.938893903907228e-17,1.2632345312241372e-15,m06_uq_intraday_2019_2022_hmm.parquet Quantile-LSTM_lo90/Quantile-LSTM_hi90 x hmm_filt_state (t-1),OK,
m06_uq_intraday_2019_2022_hmm_per_regime_q.csv,Quantile-LSTM/all,n,784.0,784.0,0.0,0.0,m06_uq_intraday_2019_2022_hmm.parquet Quantile-LSTM_lo90/Quantile-LSTM_hi90 x hmm_filt_state (t-1),OK,
m06_uq_intraday_2019_2022_hmm_per_regime_q.csv,Quantile-LSTM/all,picp,0.8214285714285714,0.8214285714285714,0.0,0.0,m06_uq_intraday_2019_2022_hmm.parquet Quantile-LSTM_lo90/Quantile-LSTM_hi90 x hmm_filt_state (t-1),OK,
m06_uq_intraday_2019_2022_hmm_per_regime_q.csv,Quantile-LSTM/all,mpiw,0.000159823104893,0.00015982310489303527,3.526367566009103e-17,2.2064191334350382e-13,m06_uq_intraday_2019_2022_hmm.parquet Quantile-LSTM_lo90/Quantile-LSTM_hi90 x hmm_filt_state (t-1),OK,
m06_uq_intraday_2019_2022_hmm_per_regime_q.csv,Quantile-LSTM/all,winkler,0.0004317449249621,0.0004317449249621922,9.221139476989215e-17,2.1357841039587616e-13,m06_uq_intraday_2019_2022_hmm.parquet Quantile-LSTM_lo90/Quantile-LSTM_hi90 x hmm_filt_state (t-1),OK,
m06_uq_intraday_2019_2022_hmm_per_regime_q.csv,Quantile-LSTM/all,coverage_error,-0.0785714285714286,-0.07857142857142863,2.7755575615628914e-17,3.532527805625497e-16,m06_uq_intraday_2019_2022_hmm.parquet Quantile-LSTM_lo90/Quantile-LSTM_hi90 x hmm_filt_state (t-1),OK,
m06_uq_intraday_2019_2022_per_regime_mc.csv,MC-Dropout-LSTM/calm,n,379.0,379.0,0.0,0.0,m06_uq_intraday_2019_2022.parquet MC-Dropout-LSTM_lo90/MC-Dropout-LSTM_hi90 x jphmm_filt_state (t-1),OK,
m06_uq_intraday_2019_2022_per_regime_mc.csv,MC-Dropout-LSTM/calm,picp,0.8443271767810027,0.8443271767810027,0.0,0.0,m06_uq_intraday_2019_2022.parquet MC-Dropout-LSTM_lo90/MC-Dropout-LSTM_hi90 x jphmm_filt_state (t-1),OK,
m06_uq_intraday_2019_2022_per_regime_mc.csv,MC-Dropout-LSTM/calm,mpiw,5.083344391623976e-05,5.083344391623976e-05,0.0,0.0,m06_uq_intraday_2019_2022.parquet MC-Dropout-LSTM_lo90/MC-Dropout-LSTM_hi90 x jphmm_filt_state (t-1),OK,
m06_uq_intraday_2019_2022_per_regime_mc.csv,MC-Dropout-LSTM/calm,winkler,0.0001403080975527,0.00014030809755279347,9.345822726825048e-17,6.660928976900095e-13,m06_uq_intraday_2019_2022.parquet MC-Dropout-LSTM_lo90/MC-Dropout-LSTM_hi90 x jphmm_filt_state (t-1),OK,
m06_uq_intraday_2019_2022_per_regime_mc.csv,MC-Dropout-LSTM/calm,coverage_error,-0.0556728232189973,-0.05567282321899736,5.551115123125783e-17,9.970960339643005e-16,m06_uq_intraday_2019_2022.parquet MC-Dropout-LSTM_lo90/MC-Dropout-LSTM_hi90 x jphmm_filt_state (t-1),OK,
m06_uq_intraday_2019_2022_per_regime_mc.csv,MC-Dropout-LSTM/transitional,n,329.0,329.0,0.0,0.0,m06_uq_intraday_2019_2022.parquet MC-Dropout-LSTM_lo90/MC-Dropout-LSTM_hi90 x jphmm_filt_state (t-1),OK,
m06_uq_intraday_2019_2022_per_regime_mc.csv,MC-Dropout-LSTM/transitional,picp,0.8936170212765957,0.8936170212765957,0.0,0.0,m06_uq_intraday_2019_2022.parquet MC-Dropout-LSTM_lo90/MC-Dropout-LSTM_hi90 x jphmm_filt_state (t-1),OK,
m06_uq_intraday_2019_2022_per_regime_mc.csv,MC-Dropout-LSTM/transitional,mpiw,0.0001630444191366,0.00016304441913664577,4.575333167888829e-17,2.8061881492892897e-13,m06_uq_intraday_2019_2022.parquet MC-Dropout-LSTM_lo90/MC-Dropout-LSTM_hi90 x jphmm_filt_state (t-1),OK,
m06_uq_intraday_2019_2022_per_regime_mc.csv,MC-Dropout-LSTM/transitional,winkler,0.0002220530355089,0.00022205303550891235,1.235990476633475e-17,5.566194912854213e-14,m06_uq_intraday_2019_2022.parquet MC-Dropout-LSTM_lo90/MC-Dropout-LSTM_hi90 x jphmm_filt_state (t-1),OK,
m06_uq_intraday_2019_2022_per_regime_mc.csv,MC-Dropout-LSTM/transitional,coverage_error,-0.0063829787234043,-0.00638297872340432,1.9949319973733282e-17,3.1253934625515255e-15,m06_uq_intraday_2019_2022.parquet MC-Dropout-LSTM_lo90/MC-Dropout-LSTM_hi90 x jphmm_filt_state (t-1),OK,
m06_uq_intraday_2019_2022_per_regime_mc.csv,MC-Dropout-LSTM/crisis,n,76.0,76.0,0.0,0.0,m06_uq_intraday_2019_2022.parquet MC-Dropout-LSTM_lo90/MC-Dropout-LSTM_hi90 x jphmm_filt_state (t-1),OK,
m06_uq_intraday_2019_2022_per_regime_mc.csv,MC-Dropout-LSTM/crisis,picp,0.8421052631578947,0.8421052631578947,0.0,0.0,m06_uq_intraday_2019_2022.parquet MC-Dropout-LSTM_lo90/MC-Dropout-LSTM_hi90 x jphmm_filt_state (t-1),OK,
m06_uq_intraday_2019_2022_per_regime_mc.csv,MC-Dropout-LSTM/crisis,mpiw,0.0009159459455912,0.0009159459455912866,8.66277535815918e-17,9.457736452523699e-14,m06_uq_intraday_2019_2022.parquet MC-Dropout-LSTM_lo90/MC-Dropout-LSTM_hi90 x jphmm_filt_state (t-1),OK,
m06_uq_intraday_2019_2022_per_regime_mc.csv,MC-Dropout-LSTM/crisis,winkler,0.0026709086178187,0.002670908617818724,2.42861286636753e-17,9.092833989771428e-15,m06_uq_intraday_2019_2022.parquet MC-Dropout-LSTM_lo90/MC-Dropout-LSTM_hi90 x jphmm_filt_state (t-1),OK,
m06_uq_intraday_2019_2022_per_regime_mc.csv,MC-Dropout-LSTM/crisis,coverage_error,-0.0578947368421053,-0.05789473684210533,3.469446951953614e-17,5.992681098828967e-16,m06_uq_intraday_2019_2022.parquet MC-Dropout-LSTM_lo90/MC-Dropout-LSTM_hi90 x jphmm_filt_state (t-1),OK,
m06_uq_intraday_2019_2022_per_regime_mc.csv,MC-Dropout-LSTM/all,n,784.0,784.0,0.0,0.0,m06_uq_intraday_2019_2022.parquet MC-Dropout-LSTM_lo90/MC-Dropout-LSTM_hi90 x jphmm_filt_state (t-1),OK,
m06_uq_intraday_2019_2022_per_regime_mc.csv,MC-Dropout-LSTM/all,picp,0.8647959183673469,0.8647959183673469,0.0,0.0,m06_uq_intraday_2019_2022.parquet MC-Dropout-LSTM_lo90/MC-Dropout-LSTM_hi90 x jphmm_filt_state (t-1),OK,
m06_uq_intraday_2019_2022_per_regime_mc.csv,MC-Dropout-LSTM/all,mpiw,0.0001817849247514,0.0001817849247514657,6.570265165262157e-17,3.61430694775561e-13,m06_uq_intraday_2019_2022.parquet MC-Dropout-LSTM_lo90/MC-Dropout-LSTM_hi90 x jphmm_filt_state (t-1),OK,
m06_uq_intraday_2019_2022_per_regime_mc.csv,MC-Dropout-LSTM/all,winkler,0.0004199250926137,0.00041992509261372943,2.9436088982981445e-17,7.009842826911148e-14,m06_uq_intraday_2019_2022.parquet MC-Dropout-LSTM_lo90/MC-Dropout-LSTM_hi90 x jphmm_filt_state (t-1),OK,
m06_uq_intraday_2019_2022_per_regime_mc.csv,MC-Dropout-LSTM/all,coverage_error,-0.035204081632653,-0.035204081632653095,9.71445146547012e-17,2.7594673728002128e-15,m06_uq_intraday_2019_2022.parquet MC-Dropout-LSTM_lo90/MC-Dropout-LSTM_hi90 x jphmm_filt_state (t-1),OK,
m06_uq_intraday_2019_2022_per_regime_q.csv,Quantile-LSTM/calm,n,379.0,379.0,0.0,0.0,m06_uq_intraday_2019_2022.parquet Quantile-LSTM_lo90/Quantile-LSTM_hi90 x jphmm_filt_state (t-1),OK,
m06_uq_intraday_2019_2022_per_regime_q.csv,Quantile-LSTM/calm,picp,0.8073878627968337,0.8073878627968337,0.0,0.0,m06_uq_intraday_2019_2022.parquet Quantile-LSTM_lo90/Quantile-LSTM_hi90 x jphmm_filt_state (t-1),OK,
m06_uq_intraday_2019_2022_per_regime_q.csv,Quantile-LSTM/calm,mpiw,4.473048783568156e-05,4.473048783568156e-05,0.0,0.0,m06_uq_intraday_2019_2022.parquet Quantile-LSTM_lo90/Quantile-LSTM_hi90 x jphmm_filt_state (t-1),OK,
m06_uq_intraday_2019_2022_per_regime_q.csv,Quantile-LSTM/calm,winkler,0.0001460875343268,0.00014608753432683206,3.2065279251258794e-17,2.1949360292116565e-13,m06_uq_intraday_2019_2022.parquet Quantile-LSTM_lo90/Quantile-LSTM_hi90 x jphmm_filt_state (t-1),OK,
m06_uq_intraday_2019_2022_per_regime_q.csv,Quantile-LSTM/calm,coverage_error,-0.0926121372031663,-0.0926121372031663,0.0,0.0,m06_uq_intraday_2019_2022.parquet Quantile-LSTM_lo90/Quantile-LSTM_hi90 x jphmm_filt_state (t-1),OK,
m06_uq_intraday_2019_2022_per_regime_q.csv,Quantile-LSTM/transitional,n,329.0,329.0,0.0,0.0,m06_uq_intraday_2019_2022.parquet Quantile-LSTM_lo90/Quantile-LSTM_hi90 x jphmm_filt_state (t-1),OK,
m06_uq_intraday_2019_2022_per_regime_q.csv,Quantile-LSTM/transitional,picp,0.8419452887537994,0.8419452887537994,0.0,0.0,m06_uq_intraday_2019_2022.parquet Quantile-LSTM_lo90/Quantile-LSTM_hi90 x jphmm_filt_state (t-1),OK,
m06_uq_intraday_2019_2022_per_regime_q.csv,Quantile-LSTM/transitional,mpiw,0.0001341651123631,0.00013416511236310396,3.957337929572091e-18,2.949602813928321e-14,m06_uq_intraday_2019_2022.parquet Quantile-LSTM_lo90/Quantile-LSTM_hi90 x jphmm_filt_state (t-1),OK,
m06_uq_intraday_2019_2022_per_regime_q.csv,Quantile-LSTM/transitional,winkler,0.0002279957849145,0.00022799578491455703,5.702903427273753e-17,2.5013196754546937e-13,m06_uq_intraday_2019_2022.parquet Quantile-LSTM_lo90/Quantile-LSTM_hi90 x jphmm_filt_state (t-1),OK,
m06_uq_intraday_2019_2022_per_regime_q.csv,Quantile-LSTM/transitional,coverage_error,-0.0580547112462006,-0.05805471124620065,4.85722573273506e-17,8.366634900889188e-16,m06_uq_intraday_2019_2022.parquet Quantile-LSTM_lo90/Quantile-LSTM_hi90 x jphmm_filt_state (t-1),OK,
m06_uq_intraday_2019_2022_per_regime_q.csv,Quantile-LSTM/crisis,n,76.0,76.0,0.0,0.0,m06_uq_intraday_2019_2022.parquet Quantile-LSTM_lo90/Quantile-LSTM_hi90 x jphmm_filt_state (t-1),OK,
m06_uq_intraday_2019_2022_per_regime_q.csv,Quantile-LSTM/crisis,picp,0.8026315789473685,0.8026315789473685,0.0,0.0,m06_uq_intraday_2019_2022.parquet Quantile-LSTM_lo90/Quantile-LSTM_hi90 x jphmm_filt_state (t-1),OK,
m06_uq_intraday_2019_2022_per_regime_q.csv,Quantile-LSTM/crisis,mpiw,0.0008448439128809,0.0008448439128809888,8.879615792656281e-17,1.0510362514629452e-13,m06_uq_intraday_2019_2022.parquet Quantile-LSTM_lo90/Quantile-LSTM_hi90 x jphmm_filt_state (t-1),OK,
m06_uq_intraday_2019_2022_per_regime_q.csv,Quantile-LSTM/crisis,winkler,0.0027382925318894,0.002738292531889474,7.41594285980085e-17,2.708236163023791e-14,m06_uq_intraday_2019_2022.parquet Quantile-LSTM_lo90/Quantile-LSTM_hi90 x jphmm_filt_state (t-1),OK,
m06_uq_intraday_2019_2022_per_regime_q.csv,Quantile-LSTM/crisis,coverage_error,-0.0973684210526315,-0.09736842105263155,4.163336342344337e-17,4.275858946191484e-16,m06_uq_intraday_2019_2022.parquet Quantile-LSTM_lo90/Quantile-LSTM_hi90 x jphmm_filt_state (t-1),OK,
m06_uq_intraday_2019_2022_per_regime_q.csv,Quantile-LSTM/all,n,784.0,784.0,0.0,0.0,m06_uq_intraday_2019_2022.parquet Quantile-LSTM_lo90/Quantile-LSTM_hi90 x jphmm_filt_state (t-1),OK,
m06_uq_intraday_2019_2022_per_regime_q.csv,Quantile-LSTM/all,picp,0.8214285714285714,0.8214285714285714,0.0,0.0,m06_uq_intraday_2019_2022.parquet Quantile-LSTM_lo90/Quantile-LSTM_hi90 x jphmm_filt_state (t-1),OK,
m06_uq_intraday_2019_2022_per_regime_q.csv,Quantile-LSTM/all,mpiw,0.000159823104893,0.00015982310489303527,3.526367566009103e-17,2.2064191334350382e-13,m06_uq_intraday_2019_2022.parquet Quantile-LSTM_lo90/Quantile-LSTM_hi90 x jphmm_filt_state (t-1),OK,
m06_uq_intraday_2019_2022_per_regime_q.csv,Quantile-LSTM/all,winkler,0.0004317449249621,0.0004317449249621922,9.221139476989215e-17,2.1357841039587616e-13,m06_uq_intraday_2019_2022.parquet Quantile-LSTM_lo90/Quantile-LSTM_hi90 x jphmm_filt_state (t-1),OK,
m06_uq_intraday_2019_2022_per_regime_q.csv,Quantile-LSTM/all,coverage_error,-0.0785714285714286,-0.07857142857142863,2.7755575615628914e-17,3.532527805625497e-16,m06_uq_intraday_2019_2022.parquet Quantile-LSTM_lo90/Quantile-LSTM_hi90 x jphmm_filt_state (t-1),OK,
m02_intraday_2019_2022_metrics.csv vs m03_lstm_intraday_2019_2022_metrics.csv,intraday_2019_2022/EGARCH,qlike agreement,0.3327506405309858,0.3327506405309858,0.0,0.0,cross-table,OK,
m02_intraday_2019_2022_metrics.csv vs m05_regime_dl_intraday_2019_2022_metrics.csv,intraday_2019_2022/EGARCH,qlike agreement,0.3327506405309858,0.3327506405309858,0.0,0.0,cross-table,OK,
m02_intraday_2019_2022_metrics.csv vs m08_rq4_metrics.csv,intraday_2019_2022/EGARCH,qlike agreement,0.3327506405309858,0.3327506405309858,0.0,0.0,cross-table,OK,
m02_intraday_2019_2022_metrics.csv vs m07_combined_intraday_2019_2022_master.csv,intraday_2019_2022/EGARCH,qlike agreement,0.3327506405309858,0.3327506405309858,0.0,0.0,cross-table,OK,
m02_intraday_2019_2022_metrics.csv vs m03_lstm_intraday_2019_2022_metrics.csv,intraday_2019_2022/GARCH,qlike agreement,0.3301714255327858,0.3301714255327858,0.0,0.0,cross-table,OK,
m02_intraday_2019_2022_metrics.csv vs m05_regime_dl_intraday_2019_2022_metrics.csv,intraday_2019_2022/GARCH,qlike agreement,0.3301714255327858,0.3301714255327858,0.0,0.0,cross-table,OK,
m02_intraday_2019_2022_metrics.csv vs m08_rq4_metrics.csv,intraday_2019_2022/GARCH,qlike agreement,0.3301714255327858,0.3301714255327858,0.0,0.0,cross-table,OK,
m02_intraday_2019_2022_metrics.csv vs m07_combined_intraday_2019_2022_master.csv,intraday_2019_2022/GARCH,qlike agreement,0.3301714255327858,0.3301714255327858,0.0,0.0,cross-table,OK,
m02_intraday_2019_2022_metrics.csv vs m03_lstm_intraday_2019_2022_metrics.csv,intraday_2019_2022/HAR-RV,qlike agreement,0.2744895722052716,0.2744895722052716,0.0,0.0,cross-table,OK,
m02_intraday_2019_2022_metrics.csv vs m05_regime_dl_intraday_2019_2022_metrics.csv,intraday_2019_2022/HAR-RV,qlike agreement,0.2744895722052716,0.2744895722052716,0.0,0.0,cross-table,OK,
m02_intraday_2019_2022_metrics.csv vs m08_rq4_metrics.csv,intraday_2019_2022/HAR-RV,qlike agreement,0.2744895722052716,0.2744895722052716,0.0,0.0,cross-table,OK,
m02_intraday_2019_2022_metrics.csv vs m07_combined_intraday_2019_2022_master.csv,intraday_2019_2022/HAR-RV,qlike agreement,0.2744895722052716,0.2744895722052716,0.0,0.0,cross-table,OK,
m03_lstm_intraday_2019_2022_metrics.csv vs m05_regime_dl_intraday_2019_2022_metrics.csv,intraday_2019_2022/LSTM,qlike agreement,0.2650186360787922,0.2650186360787922,0.0,0.0,cross-table,OK,
m03_lstm_intraday_2019_2022_metrics.csv vs m08_rq4_metrics.csv,intraday_2019_2022/LSTM,qlike agreement,0.2650186360787922,0.2650186360787922,0.0,0.0,cross-table,OK,
m03_lstm_intraday_2019_2022_metrics.csv vs m07_combined_intraday_2019_2022_master.csv,intraday_2019_2022/LSTM,qlike agreement,0.2650186360787922,0.2650186360787922,0.0,0.0,cross-table,OK,
m03_lstm_intraday_2019_2022_metrics.csv vs m05_regime_dl_intraday_2019_2022_metrics.csv,intraday_2019_2022/LSTM-RVonly,qlike agreement,0.2596404463150226,0.2596404463150226,0.0,0.0,cross-table,OK,
m03_lstm_intraday_2019_2022_metrics.csv vs m08_rq4_metrics.csv,intraday_2019_2022/LSTM-RVonly,qlike agreement,0.2596404463150226,0.2596404463150226,0.0,0.0,cross-table,OK,
m03_lstm_intraday_2019_2022_metrics.csv vs m07_combined_intraday_2019_2022_master.csv,intraday_2019_2022/LSTM-RVonly,qlike agreement,0.2596404463150226,0.2596404463150226,0.0,0.0,cross-table,OK,
m02_intraday_2019_2022_metrics.csv vs m03_lstm_intraday_2019_2022_metrics.csv,intraday_2019_2022/RW-RV,qlike agreement,0.3584319726638106,0.3584319726638106,0.0,0.0,cross-table,OK,
m02_intraday_2019_2022_metrics.csv vs m05_regime_dl_intraday_2019_2022_metrics.csv,intraday_2019_2022/RW-RV,qlike agreement,0.3584319726638106,0.3584319726638106,0.0,0.0,cross-table,OK,
m02_intraday_2019_2022_metrics.csv vs m08_rq4_metrics.csv,intraday_2019_2022/RW-RV,qlike agreement,0.3584319726638106,0.3584319726638106,0.0,0.0,cross-table,OK,
m02_intraday_2019_2022_metrics.csv vs m07_combined_intraday_2019_2022_master.csv,intraday_2019_2022/RW-RV,qlike agreement,0.3584319726638106,0.3584319726638106,0.0,0.0,cross-table,OK,
m05_regime_dl_intraday_2019_2022_metrics.csv vs m08_rq4_metrics.csv,intraday_2019_2022/Regime-LSTM-A,qlike agreement,0.2632089645698732,0.2632089645698732,0.0,0.0,cross-table,OK,
m05_regime_dl_intraday_2019_2022_metrics.csv vs m07_combined_intraday_2019_2022_master.csv,intraday_2019_2022/Regime-LSTM-A,qlike agreement,0.2632089645698732,0.2632089645698732,0.0,0.0,cross-table,OK,
m05_regime_dl_intraday_2019_2022_metrics.csv vs m08_rq4_metrics.csv,intraday_2019_2022/Regime-LSTM-A-RVonly,qlike agreement,0.2617483454141135,0.2617483454141135,0.0,0.0,cross-table,OK,
m05_regime_dl_intraday_2019_2022_metrics.csv vs m07_combined_intraday_2019_2022_master.csv,intraday_2019_2022/Regime-LSTM-A-RVonly,qlike agreement,0.2617483454141135,0.2617483454141135,0.0,0.0,cross-table,OK,
m05_regime_dl_intraday_2019_2022_metrics.csv vs m08_rq4_metrics.csv,intraday_2019_2022/Regime-LSTM-B,qlike agreement,0.2621154115610506,0.2621154115610506,0.0,0.0,cross-table,OK,
m05_regime_dl_intraday_2019_2022_metrics.csv vs m07_combined_intraday_2019_2022_master.csv,intraday_2019_2022/Regime-LSTM-B,qlike agreement,0.2621154115610506,0.2621154115610506,0.0,0.0,cross-table,OK,
m05_regime_dl_intraday_2019_2022_hmm_metrics.csv vs m07_combined_intraday_2019_2022_hmm_master.csv,intraday_2019_2022_hmm/EGARCH,qlike agreement,0.3327506405309858,0.3327506405309858,0.0,0.0,cross-table,OK,
m05_regime_dl_intraday_2019_2022_hmm_metrics.csv vs m07_combined_intraday_2019_2022_hmm_master.csv,intraday_2019_2022_hmm/GARCH,qlike agreement,0.3301714255327858,0.3301714255327858,0.0,0.0,cross-table,OK,
m05_regime_dl_intraday_2019_2022_hmm_metrics.csv vs m07_combined_intraday_2019_2022_hmm_master.csv,intraday_2019_2022_hmm/HAR-RV,qlike agreement,0.2744895722052716,0.2744895722052716,0.0,0.0,cross-table,OK,
m05_regime_dl_intraday_2019_2022_hmm_metrics.csv vs m07_combined_intraday_2019_2022_hmm_master.csv,intraday_2019_2022_hmm/LSTM,qlike agreement,0.2650186360787922,0.2650186360787922,0.0,0.0,cross-table,OK,
m05_regime_dl_intraday_2019_2022_hmm_metrics.csv vs m07_combined_intraday_2019_2022_hmm_master.csv,intraday_2019_2022_hmm/LSTM-RVonly,qlike agreement,0.2596404463150226,0.2596404463150226,0.0,0.0,cross-table,OK,
m05_regime_dl_intraday_2019_2022_hmm_metrics.csv vs m07_combined_intraday_2019_2022_hmm_master.csv,intraday_2019_2022_hmm/RW-RV,qlike agreement,0.3584319726638106,0.3584319726638106,0.0,0.0,cross-table,OK,
m05_regime_dl_intraday_2019_2022_hmm_metrics.csv vs m07_combined_intraday_2019_2022_hmm_master.csv,intraday_2019_2022_hmm/Regime-LSTM-A,qlike agreement,0.2626554797796602,0.2626554797796602,0.0,0.0,cross-table,OK,
m05_regime_dl_intraday_2019_2022_hmm_metrics.csv vs m07_combined_intraday_2019_2022_hmm_master.csv,intraday_2019_2022_hmm/Regime-LSTM-A-RVonly,qlike agreement,0.2616548446022459,0.2616548446022459,0.0,0.0,cross-table,OK,
m05_regime_dl_intraday_2019_2022_hmm_metrics.csv vs m07_combined_intraday_2019_2022_hmm_master.csv,intraday_2019_2022_hmm/Regime-LSTM-B,qlike agreement,0.2583132248991653,0.2583132248991653,0.0,0.0,cross-table,OK,
m02_rq4_ftse_metrics.csv vs m05_regime_dl_rq4_ftse_metrics.csv,rq4_ftse/EGARCH,qlike agreement,0.2959740529927931,0.2959740529927931,0.0,0.0,cross-table,OK,
m02_rq4_ftse_metrics.csv vs m08_rq4_metrics.csv,rq4_ftse/EGARCH,qlike agreement,0.2959740529927931,0.2959740529927931,0.0,0.0,cross-table,OK,
m02_rq4_ftse_metrics.csv vs m05_regime_dl_rq4_ftse_metrics.csv,rq4_ftse/GARCH,qlike agreement,0.3344244722219696,0.3344244722219696,0.0,0.0,cross-table,OK,
m02_rq4_ftse_metrics.csv vs m08_rq4_metrics.csv,rq4_ftse/GARCH,qlike agreement,0.3344244722219696,0.3344244722219696,0.0,0.0,cross-table,OK,
m02_rq4_ftse_metrics.csv vs m05_regime_dl_rq4_ftse_metrics.csv,rq4_ftse/HAR-RV,qlike agreement,0.299732905473131,0.299732905473131,0.0,0.0,cross-table,OK,
m02_rq4_ftse_metrics.csv vs m08_rq4_metrics.csv,rq4_ftse/HAR-RV,qlike agreement,0.299732905473131,0.299732905473131,0.0,0.0,cross-table,OK,
m02_rq4_ftse_metrics.csv vs m05_regime_dl_rq4_ftse_metrics.csv,rq4_ftse/RW-RV,qlike agreement,0.5561843947564739,0.5561843947564739,0.0,0.0,cross-table,OK,
m02_rq4_ftse_metrics.csv vs m08_rq4_metrics.csv,rq4_ftse/RW-RV,qlike agreement,0.5561843947564739,0.5561843947564739,0.0,0.0,cross-table,OK,
m05_regime_dl_rq4_ftse_metrics.csv vs m08_rq4_metrics.csv,rq4_ftse/Regime-LSTM-B,qlike agreement,0.2904502330831451,0.2904502330831451,0.0,0.0,cross-table,OK,
m02_rq4_rut_metrics.csv vs m05_regime_dl_rq4_rut_metrics.csv,rq4_rut/EGARCH,qlike agreement,0.4436889783041359,0.4436889783041359,0.0,0.0,cross-table,OK,
m02_rq4_rut_metrics.csv vs m08_rq4_metrics.csv,rq4_rut/EGARCH,qlike agreement,0.4436889783041359,0.4436889783041359,0.0,0.0,cross-table,OK,
m02_rq4_rut_metrics.csv vs m05_regime_dl_rq4_rut_metrics.csv,rq4_rut/GARCH,qlike agreement,0.4810036323403373,0.4810036323403373,0.0,0.0,cross-table,OK,
m02_rq4_rut_metrics.csv vs m08_rq4_metrics.csv,rq4_rut/GARCH,qlike agreement,0.4810036323403373,0.4810036323403373,0.0,0.0,cross-table,OK,
m02_rq4_rut_metrics.csv vs m05_regime_dl_rq4_rut_metrics.csv,rq4_rut/HAR-RV,qlike agreement,0.2260330045577247,0.2260330045577247,0.0,0.0,cross-table,OK,
m02_rq4_rut_metrics.csv vs m08_rq4_metrics.csv,rq4_rut/HAR-RV,qlike agreement,0.2260330045577247,0.2260330045577247,0.0,0.0,cross-table,OK,
m02_rq4_rut_metrics.csv vs m05_regime_dl_rq4_rut_metrics.csv,rq4_rut/RW-RV,qlike agreement,0.2859859957362961,0.2859859957362961,0.0,0.0,cross-table,OK,
m02_rq4_rut_metrics.csv vs m08_rq4_metrics.csv,rq4_rut/RW-RV,qlike agreement,0.2859859957362961,0.2859859957362961,0.0,0.0,cross-table,OK,
m05_regime_dl_rq4_rut_metrics.csv vs m08_rq4_metrics.csv,rq4_rut/Regime-LSTM-B,qlike agreement,0.2143247766676925,0.2143247766676925,0.0,0.0,cross-table,OK,
